Área,Grupos de edad,Sexo,Total,Año
Bogotá, 0-4,Hombres,304095,2005
Bogotá, 0-4,Mujeres,290790,2005
Bogotá, 5-9  ,Hombres,317962,2005
Bogotá, 5-9  ,Mujeres,305340,2005
Bogotá, 10-14  ,Hombres,325522,2005
Bogotá, 10-14  ,Mujeres,312530,2005
Bogotá, 15-19,Hombres,307736,2005
Bogotá, 15-19,Mujeres,300289,2005
Bogotá, 20-24,Hombres,308620,2005
Bogotá, 20-24,Mujeres,335953,2005
Bogotá, 25-29,Hombres,292733,2005
Bogotá, 25-29,Mujeres,318352,2005
Bogotá, 30-34,Hombres,256734,2005
Bogotá, 30-34,Mujeres,280767,2005
Bogotá, 35-39,Hombres,246053,2005
Bogotá, 35-39,Mujeres,276102,2005
Bogotá, 40-44,Hombres,232004,2005
Bogotá, 40-44,Mujeres,267213,2005
Bogotá, 45-49,Hombres,192005,2005
Bogotá, 45-49,Mujeres,227516,2005
Bogotá, 50-54,Hombres,149116,2005
Bogotá, 50-54,Mujeres,178812,2005
Bogotá, 55-59,Hombres,114927,2005
Bogotá, 55-59,Mujeres,138070,2005
Bogotá, 60-64,Hombres,84365,2005
Bogotá, 60-64,Mujeres,102054,2005
Bogotá, 65-69,Hombres,58395,2005
Bogotá, 65-69,Mujeres,77296,2005
Bogotá, 70-74,Hombres,42022,2005
Bogotá, 70-74,Mujeres,57912,2005
Bogotá, 75-79,Hombres,29381,2005
Bogotá, 75-79,Mujeres,43193,2005
Bogotá, 80 y más,Hombres,24038,2005
Bogotá, 80 y más,Mujeres,42219,2005
Bogotá, 0-4,Hombres,304059,2010
Bogotá, 0-4,Mujeres,289775,2010
Bogotá, 5-9  ,Hombres,306436,2010
Bogotá, 5-9  ,Mujeres,292071,2010
Bogotá, 10-14  ,Hombres,319911,2010
Bogotá, 10-14  ,Mujeres,308646,2010
Bogotá, 15-19,Hombres,331371,2010
Bogotá, 15-19,Mujeres,320742,2010
Bogotá, 20-24,Hombres,314591,2010
Bogotá, 20-24,Mujeres,310388,2010
Bogotá, 25-29,Hombres,312007,2010
Bogotá, 25-29,Mujeres,341825,2010
Bogotá, 30-34,Hombres,293278,2010
Bogotá, 30-34,Mujeres,320707,2010
Bogotá, 35-39,Hombres,256024,2010
Bogotá, 35-39,Mujeres,281535,2010
Bogotá, 40-44,Hombres,244290,2010
Bogotá, 40-44,Mujeres,275771,2010
Bogotá, 45-49,Hombres,229412,2010
Bogotá, 45-49,Mujeres,265949,2010
Bogotá, 50-54,Hombres,188754,2010
Bogotá, 50-54,Mujeres,225498,2010
Bogotá, 55-59,Hombres,145064,2010
Bogotá, 55-59,Mujeres,176026,2010
Bogotá, 60-64,Hombres,109817,2010
Bogotá, 60-64,Mujeres,134465,2010
Bogotá, 65-69,Hombres,78036,2010
Bogotá, 65-69,Mujeres,97554,2010
Bogotá, 70-74,Hombres,51185,2010
Bogotá, 70-74,Mujeres,71279,2010
Bogotá, 75-79,Hombres,33870,2010
Bogotá, 75-79,Mujeres,50271,2010
Bogotá, 80 y más,Hombres,30608,2010
Bogotá, 80 y más,Mujeres,52567,2010
Bogotá, 0-4,Hombres,309432,2015
Bogotá, 0-4,Mujeres,293798,2015
Bogotá, 5-9  ,Hombres,306434,2015
Bogotá, 5-9  ,Mujeres,291748,2015
Bogotá, 10-14  ,Hombres,309819,2015
Bogotá, 10-14  ,Mujeres,295249,2015
Bogotá, 15-19,Hombres,325752,2015
Bogotá, 15-19,Mujeres,316724,2015
Bogotá, 20-24,Hombres,338888,2015
Bogotá, 20-24,Mujeres,331072,2015
Bogotá, 25-29,Hombres,319048,2015
Bogotá, 25-29,Mujeres,316585,2015
Bogotá, 30-34,Hombres,313458,2015
Bogotá, 30-34,Mujeres,344416,2015
Bogotá, 35-39,Hombres,293158,2015
Bogotá, 35-39,Mujeres,321621,2015
Bogotá, 40-44,Hombres,254902,2015
Bogotá, 40-44,Mujeres,281441,2015
Bogotá, 45-49,Hombres,242123,2015
Bogotá, 45-49,Mujeres,274714,2015
Bogotá, 50-54,Hombres,225926,2015
Bogotá, 50-54,Mujeres,263777,2015
Bogotá, 55-59,Hombres,183930,2015
Bogotá, 55-59,Mujeres,222154,2015
Bogotá, 60-64,Hombres,138521,2015
Bogotá, 60-64,Mujeres,171404,2015
Bogotá, 65-69,Hombres,101631,2015
Bogotá, 65-69,Mujeres,128566,2015
Bogotá, 70-74,Hombres,68583,2015
Bogotá, 70-74,Mujeres,90087,2015
Bogotá, 75-79,Hombres,41392,2015
Bogotá, 75-79,Mujeres,62014,2015
Bogotá, 80 y más,Hombres,37016,2015
Bogotá, 80 y más,Mujeres,63400,2015
Bogotá, 0-4,Hombres,313691,2019
Bogotá, 0-4,Mujeres,296937,2019
Bogotá, 5-9  ,Hombres,311176,2019
Bogotá, 5-9  ,Mujeres,294165,2019
Bogotá, 10-14  ,Hombres,310339,2019
Bogotá, 10-14  ,Mujeres,294725,2019
Bogotá, 15-19,Hombres,316119,2019
Bogotá, 15-19,Mujeres,305917,2019
Bogotá, 20-24,Hombres,336469,2019
Bogotá, 20-24,Mujeres,329658,2019
Bogotá, 25-29,Hombres,340646,2019
Bogotá, 25-29,Mujeres,334246,2019
Bogotá, 30-34,Hombres,318101,2019
Bogotá, 30-34,Mujeres,321968,2019
Bogotá, 35-39,Hombres,311029,2019
Bogotá, 35-39,Mujeres,345223,2019
Bogotá, 40-44,Hombres,285069,2019
Bogotá, 40-44,Mujeres,313378,2019
Bogotá, 45-49,Hombres,248539,2019
Bogotá, 45-49,Mujeres,276771,2019
Bogotá, 50-54,Hombres,237024,2019
Bogotá, 50-54,Mujeres,272275,2019
Bogotá, 55-59,Hombres,214707,2019
Bogotá, 55-59,Mujeres,254863,2019
Bogotá, 60-64,Hombres,168083,2019
Bogotá, 60-64,Mujeres,207678,2019
Bogotá, 65-69,Hombres,122582,2019
Bogotá, 65-69,Mujeres,156486,2019
Bogotá, 70-74,Hombres,85438,2019
Bogotá, 70-74,Mujeres,113278,2019
Bogotá, 75-79,Hombres,52069,2019
Bogotá, 75-79,Mujeres,74571,2019
Bogotá, 80 y más,Hombres,43360,2019
Bogotá, 80 y más,Mujeres,74450,2019
Usaquén, 0-4,Hombres,15062,2005
Usaquén, 0-4,Mujeres,15420,2005
Usaquén, 5-9  ,Hombres,16214,2005
Usaquén, 5-9  ,Mujeres,16670,2005
Usaquén, 10-14  ,Hombres,17065,2005
Usaquén, 10-14  ,Mujeres,17536,2005
Usaquén, 15-19,Hombres,18094,2005
Usaquén, 15-19,Mujeres,18889,2005
Usaquén, 20-24,Hombres,19219,2005
Usaquén, 20-24,Mujeres,22438,2005
Usaquén, 25-29,Hombres,18620,2005
Usaquén, 25-29,Mujeres,21697,2005
Usaquén, 30-34,Hombres,16298,2005
Usaquén, 30-34,Mujeres,19098,2005
Usaquén, 35-39,Hombres,15174,2005
Usaquén, 35-39,Mujeres,18266,2005
Usaquén, 40-44,Hombres,14891,2005
Usaquén, 40-44,Mujeres,18408,2005
Usaquén, 45-49,Hombres,13423,2005
Usaquén, 45-49,Mujeres,17080,2005
Usaquén, 50-54,Hombres,11301,2005
Usaquén, 50-54,Mujeres,14552,2005
Usaquén, 55-59,Hombres,9209,2005
Usaquén, 55-59,Mujeres,11877,2005
Usaquén, 60-64,Hombres,6736,2005
Usaquén, 60-64,Mujeres,8755,2005
Usaquén, 65-69,Hombres,4869,2005
Usaquén, 65-69,Mujeres,6941,2005
Usaquén, 70-74,Hombres,3435,2005
Usaquén, 70-74,Mujeres,5106,2005
Usaquén, 75-79,Hombres,2488,2005
Usaquén, 75-79,Mujeres,3957,2005
Usaquén, 80 y más,Hombres,2104,2005
Usaquén, 80 y más,Mujeres,4032,2005
Usaquén, 0-4,Hombres,14266,2015
Usaquén, 0-4,Mujeres,14374,2015
Usaquén, 5-9  ,Hombres,14551,2015
Usaquén, 5-9  ,Mujeres,14698,2015
Usaquén, 10-14  ,Hombres,15144,2015
Usaquén, 10-14  ,Mujeres,15311,2015
Usaquén, 15-19,Hombres,17957,2015
Usaquén, 15-19,Mujeres,18529,2015
Usaquén, 20-24,Hombres,19951,2015
Usaquén, 20-24,Mujeres,20675,2015
Usaquén, 25-29,Hombres,19173,2015
Usaquén, 25-29,Mujeres,20168,2015
Usaquén, 30-34,Hombres,18694,2015
Usaquén, 30-34,Mujeres,21832,2015
Usaquén, 35-39,Hombres,16998,2015
Usaquén, 35-39,Mujeres,19824,2015
Usaquén, 40-44,Hombres,15444,2015
Usaquén, 40-44,Mujeres,18126,2015
Usaquén, 45-49,Hombres,16023,2015
Usaquén, 45-49,Mujeres,19342,2015
Usaquén, 50-54,Hombres,16230,2015
Usaquén, 50-54,Mujeres,20176,2015
Usaquén, 55-59,Hombres,14018,2015
Usaquén, 55-59,Mujeres,18050,2015
Usaquén, 60-64,Hombres,10552,2015
Usaquén, 60-64,Mujeres,13939,2015
Usaquén, 65-69,Hombres,8138,2015
Usaquén, 65-69,Mujeres,10996,2015
Usaquén, 70-74,Hombres,5406,2015
Usaquén, 70-74,Mujeres,7601,2015
Usaquén, 75-79,Hombres,3392,2015
Usaquén, 75-79,Mujeres,5472,2015
Usaquén, 80 y más,Hombres,3157,2015
Usaquén, 80 y más,Mujeres,5859,2015
Usaquén, 0-4,Hombres,13529,2019
Usaquén, 0-4,Mujeres,12798,2019
Usaquén, 5-9  ,Hombres,14236,2019
Usaquén, 5-9  ,Mujeres,13435,2019
Usaquén, 10-14  ,Hombres,14965,2019
Usaquén, 10-14  ,Mujeres,14371,2019
Usaquén, 15-19,Hombres,15415,2019
Usaquén, 15-19,Mujeres,15902,2019
Usaquén, 20-24,Hombres,16949,2019
Usaquén, 20-24,Mujeres,17700,2019
Usaquén, 25-29,Hombres,17447,2019
Usaquén, 25-29,Mujeres,18240,2019
Usaquén, 30-34,Hombres,17536,2019
Usaquén, 30-34,Mujeres,18961,2019
Usaquén, 35-39,Hombres,17570,2019
Usaquén, 35-39,Mujeres,20898,2019
Usaquén, 40-44,Hombres,16576,2019
Usaquén, 40-44,Mujeres,19520,2019
Usaquén, 45-49,Hombres,14942,2019
Usaquén, 45-49,Mujeres,17828,2019
Usaquén, 50-54,Hombres,14493,2019
Usaquén, 50-54,Mujeres,17877,2019
Usaquén, 55-59,Hombres,13823,2019
Usaquén, 55-59,Mujeres,17680,2019
Usaquén, 60-64,Hombres,11519,2019
Usaquén, 60-64,Mujeres,15388,2019
Usaquén, 65-69,Hombres,8862,2019
Usaquén, 65-69,Mujeres,12264,2019
Usaquén, 70-74,Hombres,6416,2019
Usaquén, 70-74,Mujeres,9249,2019
Usaquén, 75-79,Hombres,3900,2019
Usaquén, 75-79,Mujeres,6088,2019
Usaquén, 80 y más,Hombres,3398,2019
Usaquén, 80 y más,Mujeres,6409,2019
Chapinero, 0-4,Hombres,3231,2005
Chapinero, 0-4,Mujeres,3302,2005
Chapinero, 5-9  ,Hombres,3111,2005
Chapinero, 5-9  ,Mujeres,3190,2005
Chapinero, 10-14  ,Hombres,3400,2005
Chapinero, 10-14  ,Mujeres,3485,2005
Chapinero, 15-19,Hombres,4864,2005
Chapinero, 15-19,Mujeres,5064,2005
Chapinero, 20-24,Hombres,6466,2005
Chapinero, 20-24,Mujeres,7529,2005
Chapinero, 25-29,Hombres,6401,2005
Chapinero, 25-29,Mujeres,7437,2005
Chapinero, 30-34,Hombres,5138,2005
Chapinero, 30-34,Mujeres,6004,2005
Chapinero, 35-39,Hombres,4230,2005
Chapinero, 35-39,Mujeres,5079,2005
Chapinero, 40-44,Hombres,4078,2005
Chapinero, 40-44,Mujeres,5025,2005
Chapinero, 45-49,Hombres,3792,2005
Chapinero, 45-49,Mujeres,4812,2005
Chapinero, 50-54,Hombres,3315,2005
Chapinero, 50-54,Mujeres,4258,2005
Chapinero, 55-59,Hombres,2776,2005
Chapinero, 55-59,Mujeres,3568,2005
Chapinero, 60-64,Hombres,2061,2005
Chapinero, 60-64,Mujeres,2670,2005
Chapinero, 65-69,Hombres,1566,2005
Chapinero, 65-69,Mujeres,2226,2005
Chapinero, 70-74,Hombres,1167,2005
Chapinero, 70-74,Mujeres,1730,2005
Chapinero, 75-79,Hombres,974,2005
Chapinero, 75-79,Mujeres,1545,2005
Chapinero, 80 y más,Hombres,956,2005
Chapinero, 80 y más,Mujeres,1824,2005
Chapinero, 0-4,Hombres,2999,2015
Chapinero, 0-4,Mujeres,2919,2015
Chapinero, 5-9  ,Hombres,2736,2015
Chapinero, 5-9  ,Mujeres,2674,2015
Chapinero, 10-14  ,Hombres,2958,2015
Chapinero, 10-14  ,Mujeres,2891,2015
Chapinero, 15-19,Hombres,4733,2015
Chapinero, 15-19,Mujeres,4720,2015
Chapinero, 20-24,Hombres,6586,2015
Chapinero, 20-24,Mujeres,6596,2015
Chapinero, 25-29,Hombres,6465,2015
Chapinero, 25-29,Mujeres,6572,2015
Chapinero, 30-34,Hombres,5790,2015
Chapinero, 30-34,Mujeres,6524,2015
Chapinero, 35-39,Hombres,4656,2015
Chapinero, 35-39,Mujeres,5239,2015
Chapinero, 40-44,Hombres,4155,2015
Chapinero, 40-44,Mujeres,4706,2015
Chapinero, 45-49,Hombres,4453,2015
Chapinero, 45-49,Mujeres,5182,2015
Chapinero, 50-54,Hombres,4684,2015
Chapinero, 50-54,Mujeres,5614,2015
Chapinero, 55-59,Hombres,4160,2015
Chapinero, 55-59,Mujeres,5155,2015
Chapinero, 60-64,Hombres,3179,2015
Chapinero, 60-64,Mujeres,4042,2015
Chapinero, 65-69,Hombres,2579,2015
Chapinero, 65-69,Mujeres,3352,2015
Chapinero, 70-74,Hombres,1813,2015
Chapinero, 70-74,Mujeres,2450,2015
Chapinero, 75-79,Hombres,1316,2015
Chapinero, 75-79,Mujeres,2031,2015
Chapinero, 80 y más,Hombres,1423,2015
Chapinero, 80 y más,Mujeres,2518,2015
Chapinero, 0-4,Hombres,2399,2019
Chapinero, 0-4,Mujeres,2237,2019
Chapinero, 5-9  ,Hombres,2814,2019
Chapinero, 5-9  ,Mujeres,2542,2019
Chapinero, 10-14  ,Hombres,3491,2019
Chapinero, 10-14  ,Mujeres,3120,2019
Chapinero, 15-19,Hombres,3874,2019
Chapinero, 15-19,Mujeres,3671,2019
Chapinero, 20-24,Hombres,4233,2019
Chapinero, 20-24,Mujeres,4051,2019
Chapinero, 25-29,Hombres,4570,2019
Chapinero, 25-29,Mujeres,4369,2019
Chapinero, 30-34,Hombres,5421,2019
Chapinero, 30-34,Mujeres,5365,2019
Chapinero, 35-39,Hombres,5634,2019
Chapinero, 35-39,Mujeres,6113,2019
Chapinero, 40-44,Hombres,4973,2019
Chapinero, 40-44,Mujeres,5344,2019
Chapinero, 45-49,Hombres,4185,2019
Chapinero, 45-49,Mujeres,4550,2019
Chapinero, 50-54,Hombres,3845,2019
Chapinero, 50-54,Mujeres,4324,2019
Chapinero, 55-59,Hombres,3880,2019
Chapinero, 55-59,Mujeres,4516,2019
Chapinero, 60-64,Hombres,3514,2019
Chapinero, 60-64,Mujeres,4265,2019
Chapinero, 65-69,Hombres,2907,2019
Chapinero, 65-69,Mujeres,3649,2019
Chapinero, 70-74,Hombres,2177,2019
Chapinero, 70-74,Mujeres,2843,2019
Chapinero, 75-79,Hombres,1346,2019
Chapinero, 75-79,Mujeres,1906,2019
Chapinero, 80 y más,Hombres,1329,2019
Chapinero, 80 y más,Mujeres,2293,2019
Santa Fe, 0-4,Hombres,5125,2005
Santa Fe, 0-4,Mujeres,4541,2005
Santa Fe, 5-9  ,Hombres,5209,2005
Santa Fe, 5-9  ,Mujeres,4638,2005
Santa Fe, 10-14  ,Hombres,5387,2005
Santa Fe, 10-14  ,Mujeres,4794,2005
Santa Fe, 15-19,Hombres,5237,2005
Santa Fe, 15-19,Mujeres,4731,2005
Santa Fe, 20-24,Hombres,5295,2005
Santa Fe, 20-24,Mujeres,5306,2005
Santa Fe, 25-29,Hombres,4830,2005
Santa Fe, 25-29,Mujeres,4830,2005
Santa Fe, 30-34,Hombres,4032,2005
Santa Fe, 30-34,Mujeres,4052,2005
Santa Fe, 35-39,Hombres,3834,2005
Santa Fe, 35-39,Mujeres,3951,2005
Santa Fe, 40-44,Hombres,3534,2005
Santa Fe, 40-44,Mujeres,3733,2005
Santa Fe, 45-49,Hombres,3036,2005
Santa Fe, 45-49,Mujeres,3293,2005
Santa Fe, 50-54,Hombres,2531,2005
Santa Fe, 50-54,Mujeres,2775,2005
Santa Fe, 55-59,Hombres,1965,2005
Santa Fe, 55-59,Mujeres,2157,2005
Santa Fe, 60-64,Hombres,1497,2005
Santa Fe, 60-64,Mujeres,1655,2005
Santa Fe, 65-69,Hombres,1150,2005
Santa Fe, 65-69,Mujeres,1382,2005
Santa Fe, 70-74,Hombres,896,2005
Santa Fe, 70-74,Mujeres,1121,2005
Santa Fe, 75-79,Hombres,667,2005
Santa Fe, 75-79,Mujeres,886,2005
Santa Fe, 80 y más,Hombres,542,2005
Santa Fe, 80 y más,Mujeres,851,2005
Santa Fe, 0-4,Hombres,4473,2015
Santa Fe, 0-4,Mujeres,3915,2015
Santa Fe, 5-9  ,Hombres,4317,2015
Santa Fe, 5-9  ,Mujeres,3786,2015
Santa Fe, 10-14  ,Hombres,4415,2015
Santa Fe, 10-14  ,Mujeres,3877,2015
Santa Fe, 15-19,Hombres,4800,2015
Santa Fe, 15-19,Mujeres,4295,2015
Santa Fe, 20-24,Hombres,5039,2015
Santa Fe, 20-24,Mujeres,4528,2015
Santa Fe, 25-29,Hombres,4562,2015
Santa Fe, 25-29,Mujeres,4157,2015
Santa Fe, 30-34,Hombres,4272,2015
Santa Fe, 30-34,Mujeres,4290,2015
Santa Fe, 35-39,Hombres,3960,2015
Santa Fe, 35-39,Mujeres,3971,2015
Santa Fe, 40-44,Hombres,3373,2015
Santa Fe, 40-44,Mujeres,3403,2015
Santa Fe, 45-49,Hombres,3336,2015
Santa Fe, 45-49,Mujeres,3452,2015
Santa Fe, 50-54,Hombres,3351,2015
Santa Fe, 50-54,Mujeres,3563,2015
Santa Fe, 55-59,Hombres,2764,2015
Santa Fe, 55-59,Mujeres,3036,2015
Santa Fe, 60-64,Hombres,2171,2015
Santa Fe, 60-64,Mujeres,2439,2015
Santa Fe, 65-69,Hombres,1767,2015
Santa Fe, 65-69,Mujeres,2028,2015
Santa Fe, 70-74,Hombres,1299,2015
Santa Fe, 70-74,Mujeres,1545,2015
Santa Fe, 75-79,Hombres,841,2015
Santa Fe, 75-79,Mujeres,1135,2015
Santa Fe, 80 y más,Hombres,749,2015
Santa Fe, 80 y más,Mujeres,1144,2015
Santa Fe, 0-4,Hombres,3406,2019
Santa Fe, 0-4,Mujeres,3207,2019
Santa Fe, 5-9  ,Hombres,3452,2019
Santa Fe, 5-9  ,Mujeres,3215,2019
Santa Fe, 10-14  ,Hombres,3554,2019
Santa Fe, 10-14  ,Mujeres,3241,2019
Santa Fe, 15-19,Hombres,3698,2019
Santa Fe, 15-19,Mujeres,3220,2019
Santa Fe, 20-24,Hombres,3825,2019
Santa Fe, 20-24,Mujeres,3374,2019
Santa Fe, 25-29,Hombres,3857,2019
Santa Fe, 25-29,Mujeres,3402,2019
Santa Fe, 30-34,Hombres,3613,2019
Santa Fe, 30-34,Mujeres,3287,2019
Santa Fe, 35-39,Hombres,3518,2019
Santa Fe, 35-39,Mujeres,3497,2019
Santa Fe, 40-44,Hombres,3159,2019
Santa Fe, 40-44,Mujeres,3109,2019
Santa Fe, 45-49,Hombres,2752,2019
Santa Fe, 45-49,Mujeres,2740,2019
Santa Fe, 50-54,Hombres,2725,2019
Santa Fe, 50-54,Mujeres,2798,2019
Santa Fe, 55-59,Hombres,2534,2019
Santa Fe, 55-59,Mujeres,2685,2019
Santa Fe, 60-64,Hombres,2166,2019
Santa Fe, 60-64,Mujeres,2384,2019
Santa Fe, 65-69,Hombres,1738,2019
Santa Fe, 65-69,Mujeres,1972,2019
Santa Fe, 70-74,Hombres,1224,2019
Santa Fe, 70-74,Mujeres,1443,2019
Santa Fe, 75-79,Hombres,782,2019
Santa Fe, 75-79,Mujeres,997,2019
Santa Fe, 80 y más,Hombres,760,2019
Santa Fe, 80 y más,Mujeres,1156,2019
San Cristóbal, 0-4,Hombres,20369,2005
San Cristóbal, 0-4,Mujeres,19276,2005
San Cristóbal, 5-9  ,Hombres,21472,2005
San Cristóbal, 5-9  ,Mujeres,20396,2005
San Cristóbal, 10-14  ,Hombres,22485,2005
San Cristóbal, 10-14  ,Mujeres,21348,2005
San Cristóbal, 15-19,Hombres,20253,2005
San Cristóbal, 15-19,Mujeres,19522,2005
San Cristóbal, 20-24,Hombres,18332,2005
San Cristóbal, 20-24,Mujeres,19671,2005
San Cristóbal, 25-29,Hombres,16515,2005
San Cristóbal, 25-29,Mujeres,17686,2005
San Cristóbal, 30-34,Hombres,14556,2005
San Cristóbal, 30-34,Mujeres,15672,2005
San Cristóbal, 35-39,Hombres,14678,2005
San Cristóbal, 35-39,Mujeres,16220,2005
San Cristóbal, 40-44,Hombres,13283,2005
San Cristóbal, 40-44,Mujeres,15052,2005
San Cristóbal, 45-49,Hombres,10349,2005
San Cristóbal, 45-49,Mujeres,12055,2005
San Cristóbal, 50-54,Hombres,7825,2005
San Cristóbal, 50-54,Mujeres,9218,2005
San Cristóbal, 55-59,Hombres,6006,2005
San Cristóbal, 55-59,Mujeres,7086,2005
San Cristóbal, 60-64,Hombres,4570,2005
San Cristóbal, 60-64,Mujeres,5428,2005
San Cristóbal, 65-69,Hombres,3318,2005
San Cristóbal, 65-69,Mujeres,4306,2005
San Cristóbal, 70-74,Hombres,2436,2005
San Cristóbal, 70-74,Mujeres,3290,2005
San Cristóbal, 75-79,Hombres,1576,2005
San Cristóbal, 75-79,Mujeres,2269,2005
San Cristóbal, 80 y más,Hombres,1156,2005
San Cristóbal, 80 y más,Mujeres,1979,2005
San Cristóbal, 0-4,Hombres,17868,2015
San Cristóbal, 0-4,Mujeres,16790,2015
San Cristóbal, 5-9  ,Hombres,17828,2015
San Cristóbal, 5-9  ,Mujeres,16800,2015
San Cristóbal, 10-14  ,Hombres,18465,2015
San Cristóbal, 10-14  ,Mujeres,17415,2015
San Cristóbal, 15-19,Hombres,18600,2015
San Cristóbal, 15-19,Mujeres,17892,2015
San Cristóbal, 20-24,Hombres,17532,2015
San Cristóbal, 20-24,Mujeres,16934,2015
San Cristóbal, 25-29,Hombres,15672,2015
San Cristóbal, 25-29,Mujeres,15360,2015
San Cristóbal, 30-34,Hombres,15443,2015
San Cristóbal, 30-34,Mujeres,16739,2015
San Cristóbal, 35-39,Hombres,15193,2015
San Cristóbal, 35-39,Mujeres,16446,2015
San Cristóbal, 40-44,Hombres,12714,2015
San Cristóbal, 40-44,Mujeres,13850,2015
San Cristóbal, 45-49,Hombres,11398,2015
San Cristóbal, 45-49,Mujeres,12754,2015
San Cristóbal, 50-54,Hombres,10375,2015
San Cristóbal, 50-54,Mujeres,11942,2015
San Cristóbal, 55-59,Hombres,8453,2015
San Cristóbal, 55-59,Mujeres,10060,2015
San Cristóbal, 60-64,Hombres,6622,2015
San Cristóbal, 60-64,Mujeres,8079,2015
San Cristóbal, 65-69,Hombres,5115,2015
San Cristóbal, 65-69,Mujeres,6372,2015
San Cristóbal, 70-74,Hombres,3536,2015
San Cristóbal, 70-74,Mujeres,4575,2015
San Cristóbal, 75-79,Hombres,1986,2015
San Cristóbal, 75-79,Mujeres,2933,2015
San Cristóbal, 80 y más,Hombres,1596,2015
San Cristóbal, 80 y más,Mujeres,2688,2015
San Cristóbal, 0-4,Hombres,16798,2019
San Cristóbal, 0-4,Mujeres,15937,2019
San Cristóbal, 5-9  ,Hombres,16549,2019
San Cristóbal, 5-9  ,Mujeres,15761,2019
San Cristóbal, 10-14  ,Hombres,16063,2019
San Cristóbal, 10-14  ,Mujeres,15418,2019
San Cristóbal, 15-19,Hombres,15832,2019
San Cristóbal, 15-19,Mujeres,15366,2019
San Cristóbal, 20-24,Hombres,16350,2019
San Cristóbal, 20-24,Mujeres,16059,2019
San Cristóbal, 25-29,Hombres,16615,2019
San Cristóbal, 25-29,Mujeres,16349,2019
San Cristóbal, 30-34,Hombres,14900,2019
San Cristóbal, 30-34,Mujeres,15119,2019
San Cristóbal, 35-39,Hombres,13634,2019
San Cristóbal, 35-39,Mujeres,15195,2019
San Cristóbal, 40-44,Hombres,12118,2019
San Cristóbal, 40-44,Mujeres,13362,2019
San Cristóbal, 45-49,Hombres,10635,2019
San Cristóbal, 45-49,Mujeres,11877,2019
San Cristóbal, 50-54,Hombres,10535,2019
San Cristóbal, 50-54,Mujeres,12143,2019
San Cristóbal, 55-59,Hombres,9249,2019
San Cristóbal, 55-59,Mujeres,11030,2019
San Cristóbal, 60-64,Hombres,7063,2019
San Cristóbal, 60-64,Mujeres,8779,2019
San Cristóbal, 65-69,Hombres,5156,2019
San Cristóbal, 65-69,Mujeres,6623,2019
San Cristóbal, 70-74,Hombres,3613,2019
San Cristóbal, 70-74,Mujeres,4831,2019
San Cristóbal, 75-79,Hombres,2295,2019
San Cristóbal, 75-79,Mujeres,3317,2019
San Cristóbal, 80 y más,Hombres,1973,2019
San Cristóbal, 80 y más,Mujeres,3401,2019
Usme, 0-4,Hombres,16637,2005
Usme, 0-4,Mujeres,15600,2005
Usme, 5-9  ,Hombres,17636,2005
Usme, 5-9  ,Mujeres,16604,2005
Usme, 10-14  ,Hombres,18128,2005
Usme, 10-14  ,Mujeres,17057,2005
Usme, 15-19,Hombres,15795,2005
Usme, 15-19,Mujeres,15088,2005
Usme, 20-24,Hombres,13942,2005
Usme, 20-24,Mujeres,14817,2005
Usme, 25-29,Hombres,11911,2005
Usme, 25-29,Mujeres,12635,2005
Usme, 30-34,Hombres,10214,2005
Usme, 30-34,Mujeres,10893,2005
Usme, 35-39,Hombres,10007,2005
Usme, 35-39,Mujeres,10951,2005
Usme, 40-44,Hombres,9171,2005
Usme, 40-44,Mujeres,10291,2005
Usme, 45-49,Hombres,7559,2005
Usme, 45-49,Mujeres,8719,2005
Usme, 50-54,Hombres,5674,2005
Usme, 50-54,Mujeres,6620,2005
Usme, 55-59,Hombres,3827,2005
Usme, 55-59,Mujeres,4471,2005
Usme, 60-64,Hombres,2600,2005
Usme, 60-64,Mujeres,3058,2005
Usme, 65-69,Hombres,1704,2005
Usme, 65-69,Mujeres,2188,2005
Usme, 70-74,Hombres,1177,2005
Usme, 70-74,Mujeres,1572,2005
Usme, 75-79,Hombres,726,2005
Usme, 75-79,Mujeres,1031,2005
Usme, 80 y más,Hombres,490,2005
Usme, 80 y más,Mujeres,828,2005
Usme, 0-4,Hombres,21659,2015
Usme, 0-4,Mujeres,20143,2015
Usme, 5-9  ,Hombres,21743,2015
Usme, 5-9  ,Mujeres,20274,2015
Usme, 10-14  ,Hombres,22105,2015
Usme, 10-14  ,Mujeres,20630,2015
Usme, 15-19,Hombres,21540,2015
Usme, 15-19,Mujeres,20500,2015
Usme, 20-24,Hombres,19784,2015
Usme, 20-24,Mujeres,18907,2015
Usme, 25-29,Hombres,16778,2015
Usme, 25-29,Mujeres,16268,2015
Usme, 30-34,Hombres,16092,2015
Usme, 30-34,Mujeres,17247,2015
Usme, 35-39,Hombres,15379,2015
Usme, 35-39,Mujeres,16459,2015
Usme, 40-44,Hombres,13034,2015
Usme, 40-44,Mujeres,14037,2015
Usme, 45-49,Hombres,12363,2015
Usme, 45-49,Mujeres,13673,2015
Usme, 50-54,Hombres,11174,2015
Usme, 50-54,Mujeres,12712,2015
Usme, 55-59,Hombres,8002,2015
Usme, 55-59,Mujeres,9411,2015
Usme, 60-64,Hombres,5594,2015
Usme, 60-64,Mujeres,6742,2015
Usme, 65-69,Hombres,3898,2015
Usme, 65-69,Mujeres,4801,2015
Usme, 70-74,Hombres,2534,2015
Usme, 70-74,Mujeres,3241,2015
Usme, 75-79,Hombres,1356,2015
Usme, 75-79,Mujeres,1973,2015
Usme, 80 y más,Hombres,1004,2015
Usme, 80 y más,Mujeres,1667,2015
Usme, 0-4,Hombres,17161,2019
Usme, 0-4,Mujeres,16308,2019
Usme, 5-9  ,Hombres,16580,2019
Usme, 5-9  ,Mujeres,15866,2019
Usme, 10-14  ,Hombres,15662,2019
Usme, 10-14  ,Mujeres,15128,2019
Usme, 15-19,Hombres,15197,2019
Usme, 15-19,Mujeres,14752,2019
Usme, 20-24,Hombres,15432,2019
Usme, 20-24,Mujeres,15168,2019
Usme, 25-29,Hombres,15129,2019
Usme, 25-29,Mujeres,14897,2019
Usme, 30-34,Hombres,13137,2019
Usme, 30-34,Mujeres,13334,2019
Usme, 35-39,Hombres,11930,2019
Usme, 35-39,Mujeres,13299,2019
Usme, 40-44,Hombres,10399,2019
Usme, 40-44,Mujeres,11468,2019
Usme, 45-49,Hombres,9022,2019
Usme, 45-49,Mujeres,10078,2019
Usme, 50-54,Hombres,8514,2019
Usme, 50-54,Mujeres,9816,2019
Usme, 55-59,Hombres,7177,2019
Usme, 55-59,Mujeres,8558,2019
Usme, 60-64,Hombres,5434,2019
Usme, 60-64,Mujeres,6747,2019
Usme, 65-69,Hombres,3721,2019
Usme, 65-69,Mujeres,4775,2019
Usme, 70-74,Hombres,2250,2019
Usme, 70-74,Mujeres,3005,2019
Usme, 75-79,Hombres,1280,2019
Usme, 75-79,Mujeres,1848,2019
Usme, 80 y más,Hombres,964,2019
Usme, 80 y más,Mujeres,1653,2019
Tunjuelito, 0-4,Hombres,9189,2005
Tunjuelito, 0-4,Mujeres,8498,2005
Tunjuelito, 5-9  ,Hombres,9700,2005
Tunjuelito, 5-9  ,Mujeres,9004,2005
Tunjuelito, 10-14  ,Hombres,10070,2005
Tunjuelito, 10-14  ,Mujeres,9342,2005
Tunjuelito, 15-19,Hombres,9979,2005
Tunjuelito, 15-19,Mujeres,9400,2005
Tunjuelito, 20-24,Hombres,9448,2005
Tunjuelito, 20-24,Mujeres,9896,2005
Tunjuelito, 25-29,Hombres,8309,2005
Tunjuelito, 25-29,Mujeres,8683,2005
Tunjuelito, 30-34,Hombres,7434,2005
Tunjuelito, 30-34,Mujeres,7812,2005
Tunjuelito, 35-39,Hombres,7469,2005
Tunjuelito, 35-39,Mujeres,8050,2005
Tunjuelito, 40-44,Hombres,7093,2005
Tunjuelito, 40-44,Mujeres,7838,2005
Tunjuelito, 45-49,Hombres,5787,2005
Tunjuelito, 45-49,Mujeres,6573,2005
Tunjuelito, 50-54,Hombres,4213,2005
Tunjuelito, 50-54,Mujeres,4838,2005
Tunjuelito, 55-59,Hombres,3141,2005
Tunjuelito, 55-59,Mujeres,3613,2005
Tunjuelito, 60-64,Hombres,2340,2005
Tunjuelito, 60-64,Mujeres,2710,2005
Tunjuelito, 65-69,Hombres,1694,2005
Tunjuelito, 65-69,Mujeres,2139,2005
Tunjuelito, 70-74,Hombres,1451,2005
Tunjuelito, 70-74,Mujeres,1906,2005
Tunjuelito, 75-79,Hombres,1035,2005
Tunjuelito, 75-79,Mujeres,1447,2005
Tunjuelito, 80 y más,Hombres,843,2005
Tunjuelito, 80 y más,Mujeres,1398,2005
Tunjuelito, 0-4,Hombres,7998,2015
Tunjuelito, 0-4,Mujeres,7250,2015
Tunjuelito, 5-9  ,Hombres,8006,2015
Tunjuelito, 5-9  ,Mujeres,7271,2015
Tunjuelito, 10-14  ,Hombres,8218,2015
Tunjuelito, 10-14  ,Mujeres,7472,2015
Tunjuelito, 15-19,Hombres,9109,2015
Tunjuelito, 15-19,Mujeres,8446,2015
Tunjuelito, 20-24,Hombres,8975,2015
Tunjuelito, 20-24,Mujeres,8352,2015
Tunjuelito, 25-29,Hombres,7832,2015
Tunjuelito, 25-29,Mujeres,7394,2015
Tunjuelito, 30-34,Hombres,7848,2015
Tunjuelito, 30-34,Mujeres,8178,2015
Tunjuelito, 35-39,Hombres,7689,2015
Tunjuelito, 35-39,Mujeres,8003,2015
Tunjuelito, 40-44,Hombres,6752,2015
Tunjuelito, 40-44,Mujeres,7069,2015
Tunjuelito, 45-49,Hombres,6342,2015
Tunjuelito, 45-49,Mujeres,6818,2015
Tunjuelito, 50-54,Hombres,5560,2015
Tunjuelito, 50-54,Mujeres,6147,2015
Tunjuelito, 55-59,Hombres,4403,2015
Tunjuelito, 55-59,Mujeres,5031,2015
Tunjuelito, 60-64,Hombres,3378,2015
Tunjuelito, 60-64,Mujeres,3952,2015
Tunjuelito, 65-69,Hombres,2600,2015
Tunjuelito, 65-69,Mujeres,3104,2015
Tunjuelito, 70-74,Hombres,2097,2015
Tunjuelito, 70-74,Mujeres,2599,2015
Tunjuelito, 75-79,Hombres,1300,2015
Tunjuelito, 75-79,Mujeres,1832,2015
Tunjuelito, 80 y más,Hombres,1162,2015
Tunjuelito, 80 y más,Mujeres,1861,2015
Tunjuelito, 0-4,Hombres,6882,2019
Tunjuelito, 0-4,Mujeres,6488,2019
Tunjuelito, 5-9  ,Hombres,7010,2019
Tunjuelito, 5-9  ,Mujeres,6551,2019
Tunjuelito, 10-14  ,Hombres,7112,2019
Tunjuelito, 10-14  ,Mujeres,6583,2019
Tunjuelito, 15-19,Hombres,7288,2019
Tunjuelito, 15-19,Mujeres,6669,2019
Tunjuelito, 20-24,Hombres,7610,2019
Tunjuelito, 20-24,Mujeres,7043,2019
Tunjuelito, 25-29,Hombres,7717,2019
Tunjuelito, 25-29,Mujeres,7151,2019
Tunjuelito, 30-34,Hombres,7496,2019
Tunjuelito, 30-34,Mujeres,7159,2019
Tunjuelito, 35-39,Hombres,7013,2019
Tunjuelito, 35-39,Mujeres,7341,2019
Tunjuelito, 40-44,Hombres,6118,2019
Tunjuelito, 40-44,Mujeres,6332,2019
Tunjuelito, 45-49,Hombres,5447,2019
Tunjuelito, 45-49,Mujeres,5712,2019
Tunjuelito, 50-54,Hombres,5302,2019
Tunjuelito, 50-54,Mujeres,5733,2019
Tunjuelito, 55-59,Hombres,4961,2019
Tunjuelito, 55-59,Mujeres,5543,2019
Tunjuelito, 60-64,Hombres,4094,2019
Tunjuelito, 60-64,Mujeres,4757,2019
Tunjuelito, 65-69,Hombres,3012,2019
Tunjuelito, 65-69,Mujeres,3614,2019
Tunjuelito, 70-74,Hombres,2084,2019
Tunjuelito, 70-74,Mujeres,2603,2019
Tunjuelito, 75-79,Hombres,1298,2019
Tunjuelito, 75-79,Mujeres,1752,2019
Tunjuelito, 80 y más,Hombres,1251,2019
Tunjuelito, 80 y más,Mujeres,2017,2019
Bosa, 0-4,Hombres,26460,2005
Bosa, 0-4,Mujeres,24830,2005
Bosa, 5-9  ,Hombres,28139,2005
Bosa, 5-9  ,Mujeres,26510,2005
Bosa, 10-14  ,Hombres,27545,2005
Bosa, 10-14  ,Mujeres,25941,2005
Bosa, 15-19,Hombres,23720,2005
Bosa, 15-19,Mujeres,22677,2005
Bosa, 20-24,Hombres,21988,2005
Bosa, 20-24,Mujeres,23390,2005
Bosa, 25-29,Hombres,20571,2005
Bosa, 25-29,Mujeres,21839,2005
Bosa, 30-34,Hombres,19268,2005
Bosa, 30-34,Mujeres,20568,2005
Bosa, 35-39,Hombres,18927,2005
Bosa, 35-39,Mujeres,20730,2005
Bosa, 40-44,Hombres,16060,2005
Bosa, 40-44,Mujeres,18037,2005
Bosa, 45-49,Hombres,12160,2005
Bosa, 45-49,Mujeres,14037,2005
Bosa, 50-54,Hombres,9319,2005
Bosa, 50-54,Mujeres,10880,2005
Bosa, 55-59,Hombres,6747,2005
Bosa, 55-59,Mujeres,7891,2005
Bosa, 60-64,Hombres,4809,2005
Bosa, 60-64,Mujeres,5663,2005
Bosa, 65-69,Hombres,2975,2005
Bosa, 65-69,Mujeres,3823,2005
Bosa, 70-74,Hombres,1897,2005
Bosa, 70-74,Mujeres,2539,2005
Bosa, 75-79,Hombres,1151,2005
Bosa, 75-79,Mujeres,1639,2005
Bosa, 80 y más,Hombres,948,2005
Bosa, 80 y más,Mujeres,1605,2005
Bosa, 0-4,Hombres,30713,2015
Bosa, 0-4,Mujeres,29052,2015
Bosa, 5-9  ,Hombres,30917,2015
Bosa, 5-9  ,Mujeres,29319,2015
Bosa, 10-14  ,Hombres,29933,2015
Bosa, 10-14  ,Mujeres,28412,2015
Bosa, 15-19,Hombres,28824,2015
Bosa, 15-19,Mujeres,27904,2015
Bosa, 20-24,Hombres,27809,2015
Bosa, 20-24,Mujeres,27030,2015
Bosa, 25-29,Hombres,25818,2015
Bosa, 25-29,Mujeres,25467,2015
Bosa, 30-34,Hombres,27025,2015
Bosa, 30-34,Mujeres,29490,2015
Bosa, 35-39,Hombres,25893,2015
Bosa, 35-39,Mujeres,28219,2015
Bosa, 40-44,Hombres,20316,2015
Bosa, 40-44,Mujeres,22278,2015
Bosa, 45-49,Hombres,17695,2015
Bosa, 45-49,Mujeres,19937,2015
Bosa, 50-54,Hombres,16325,2015
Bosa, 50-54,Mujeres,18921,2015
Bosa, 55-59,Hombres,12548,2015
Bosa, 55-59,Mujeres,15042,2015
Bosa, 60-64,Hombres,9205,2015
Bosa, 60-64,Mujeres,11311,2015
Bosa, 65-69,Hombres,6053,2015
Bosa, 65-69,Mujeres,7597,2015
Bosa, 70-74,Hombres,3633,2015
Bosa, 70-74,Mujeres,4739,2015
Bosa, 75-79,Hombres,1913,2015
Bosa, 75-79,Mujeres,2846,2015
Bosa, 80 y más,Hombres,1723,2015
Bosa, 80 y más,Mujeres,2926,2015
Bosa, 0-4,Hombres,36012,2019
Bosa, 0-4,Mujeres,34233,2019
Bosa, 5-9  ,Hombres,34061,2019
Bosa, 5-9  ,Mujeres,32630,2019
Bosa, 10-14  ,Hombres,32189,2019
Bosa, 10-14  ,Mujeres,31153,2019
Bosa, 15-19,Hombres,32572,2019
Bosa, 15-19,Mujeres,31711,2019
Bosa, 20-24,Hombres,34638,2019
Bosa, 20-24,Mujeres,34145,2019
Bosa, 25-29,Hombres,34180,2019
Bosa, 25-29,Mujeres,33760,2019
Bosa, 30-34,Hombres,30244,2019
Bosa, 30-34,Mujeres,30811,2019
Bosa, 35-39,Hombres,28092,2019
Bosa, 35-39,Mujeres,31398,2019
Bosa, 40-44,Hombres,25159,2019
Bosa, 40-44,Mujeres,27828,2019
Bosa, 45-49,Hombres,22478,2019
Bosa, 45-49,Mujeres,25191,2019
Bosa, 50-54,Hombres,20970,2019
Bosa, 50-54,Mujeres,24252,2019
Bosa, 55-59,Hombres,16647,2019
Bosa, 55-59,Mujeres,19920,2019
Bosa, 60-64,Hombres,11844,2019
Bosa, 60-64,Mujeres,14766,2019
Bosa, 65-69,Hombres,8326,2019
Bosa, 65-69,Mujeres,10729,2019
Bosa, 70-74,Hombres,5399,2019
Bosa, 70-74,Mujeres,7245,2019
Bosa, 75-79,Hombres,3184,2019
Bosa, 75-79,Mujeres,4611,2019
Bosa, 80 y más,Hombres,2191,2019
Bosa, 80 y más,Mujeres,3794,2019
Kennedy, 0-4,Hombres,45119,2005
Kennedy, 0-4,Mujeres,42818,2005
Kennedy, 5-9  ,Hombres,45579,2005
Kennedy, 5-9  ,Mujeres,43431,2005
Kennedy, 10-14  ,Hombres,45667,2005
Kennedy, 10-14  ,Mujeres,43498,2005
Kennedy, 15-19,Hombres,41986,2005
Kennedy, 15-19,Mujeres,40596,2005
Kennedy, 20-24,Hombres,42714,2005
Kennedy, 20-24,Mujeres,45987,2005
Kennedy, 25-29,Hombres,42759,2005
Kennedy, 25-29,Mujeres,45948,2005
Kennedy, 30-34,Hombres,37058,2005
Kennedy, 30-34,Mujeres,40038,2005
Kennedy, 35-39,Hombres,34007,2005
Kennedy, 35-39,Mujeres,37698,2005
Kennedy, 40-44,Hombres,31822,2005
Kennedy, 40-44,Mujeres,36190,2005
Kennedy, 45-49,Hombres,25945,2005
Kennedy, 45-49,Mujeres,30334,2005
Kennedy, 50-54,Hombres,20524,2005
Kennedy, 50-54,Mujeres,24267,2005
Kennedy, 55-59,Hombres,15742,2005
Kennedy, 55-59,Mujeres,18633,2005
Kennedy, 60-64,Hombres,11078,2005
Kennedy, 60-64,Mujeres,13210,2005
Kennedy, 65-69,Hombres,6970,2005
Kennedy, 65-69,Mujeres,9077,2005
Kennedy, 70-74,Hombres,4854,2005
Kennedy, 70-74,Mujeres,6586,2005
Kennedy, 75-79,Hombres,3282,2005
Kennedy, 75-79,Mujeres,4746,2005
Kennedy, 80 y más,Hombres,2431,2005
Kennedy, 80 y más,Mujeres,4183,2005
Kennedy, 0-4,Hombres,44969,2015
Kennedy, 0-4,Mujeres,42263,2015
Kennedy, 5-9  ,Hombres,42991,2015
Kennedy, 5-9  ,Mujeres,40518,2015
Kennedy, 10-14  ,Hombres,42602,2015
Kennedy, 10-14  ,Mujeres,40181,2015
Kennedy, 15-19,Hombres,43802,2015
Kennedy, 15-19,Mujeres,42139,2015
Kennedy, 20-24,Hombres,46414,2015
Kennedy, 20-24,Mujeres,44834,2015
Kennedy, 25-29,Hombres,46116,2015
Kennedy, 25-29,Mujeres,45199,2015
Kennedy, 30-34,Hombres,44679,2015
Kennedy, 30-34,Mujeres,48427,2015
Kennedy, 35-39,Hombres,39996,2015
Kennedy, 35-39,Mujeres,43291,2015
Kennedy, 40-44,Hombres,34619,2015
Kennedy, 40-44,Mujeres,37703,2015
Kennedy, 45-49,Hombres,32476,2015
Kennedy, 45-49,Mujeres,36351,2015
Kennedy, 50-54,Hombres,30927,2015
Kennedy, 50-54,Mujeres,35602,2015
Kennedy, 55-59,Hombres,25176,2015
Kennedy, 55-59,Mujeres,29965,2015
Kennedy, 60-64,Hombres,18248,2015
Kennedy, 60-64,Mujeres,22256,2015
Kennedy, 65-69,Hombres,12216,2015
Kennedy, 65-69,Mujeres,15221,2015
Kennedy, 70-74,Hombres,8013,2015
Kennedy, 70-74,Mujeres,10374,2015
Kennedy, 75-79,Hombres,4705,2015
Kennedy, 75-79,Mujeres,6947,2015
Kennedy, 80 y más,Hombres,3817,2015
Kennedy, 80 y más,Mujeres,6432,2015
Kennedy, 0-4,Hombres,49459,2019
Kennedy, 0-4,Mujeres,46766,2019
Kennedy, 5-9  ,Hombres,48379,2019
Kennedy, 5-9  ,Mujeres,45627,2019
Kennedy, 10-14  ,Hombres,48195,2019
Kennedy, 10-14  ,Mujeres,45564,2019
Kennedy, 15-19,Hombres,49397,2019
Kennedy, 15-19,Mujeres,47220,2019
Kennedy, 20-24,Hombres,52315,2019
Kennedy, 20-24,Mujeres,50630,2019
Kennedy, 25-29,Hombres,52827,2019
Kennedy, 25-29,Mujeres,51151,2019
Kennedy, 30-34,Hombres,48235,2019
Kennedy, 30-34,Mujeres,48220,2019
Kennedy, 35-39,Hombres,47668,2019
Kennedy, 35-39,Mujeres,52230,2019
Kennedy, 40-44,Hombres,45069,2019
Kennedy, 40-44,Mujeres,48889,2019
Kennedy, 45-49,Hombres,38348,2019
Kennedy, 45-49,Mujeres,42138,2019
Kennedy, 50-54,Hombres,35591,2019
Kennedy, 50-54,Mujeres,40368,2019
Kennedy, 55-59,Hombres,31696,2019
Kennedy, 55-59,Mujeres,37188,2019
Kennedy, 60-64,Hombres,23773,2019
Kennedy, 60-64,Mujeres,29062,2019
Kennedy, 65-69,Hombres,17151,2019
Kennedy, 65-69,Mujeres,21674,2019
Kennedy, 70-74,Hombres,11726,2019
Kennedy, 70-74,Mujeres,15414,2019
Kennedy, 75-79,Hombres,6793,2019
Kennedy, 75-79,Mujeres,9652,2019
Kennedy, 80 y más,Hombres,5037,2019
Kennedy, 80 y más,Mujeres,8562,2019
Fontibón, 0-4,Hombres,12245,2005
Fontibón, 0-4,Mujeres,12003,2005
Fontibón, 5-9  ,Hombres,12900,2005
Fontibón, 5-9  ,Mujeres,12693,2005
Fontibón, 10-14  ,Hombres,13367,2005
Fontibón, 10-14  ,Mujeres,13146,2005
Fontibón, 15-19,Hombres,12421,2005
Fontibón, 15-19,Mujeres,12407,2005
Fontibón, 20-24,Hombres,12763,2005
Fontibón, 20-24,Mujeres,14219,2005
Fontibón, 25-29,Hombres,12932,2005
Fontibón, 25-29,Mujeres,14377,2005
Fontibón, 30-34,Hombres,12213,2005
Fontibón, 30-34,Mujeres,13655,2005
Fontibón, 35-39,Hombres,11539,2005
Fontibón, 35-39,Mujeres,13245,2005
Fontibón, 40-44,Hombres,10995,2005
Fontibón, 40-44,Mujeres,12951,2005
Fontibón, 45-49,Hombres,8589,2005
Fontibón, 45-49,Mujeres,10405,2005
Fontibón, 50-54,Hombres,6460,2005
Fontibón, 50-54,Mujeres,7916,2005
Fontibón, 55-59,Hombres,4940,2005
Fontibón, 55-59,Mujeres,6065,2005
Fontibón, 60-64,Hombres,3529,2005
Fontibón, 60-64,Mujeres,4362,2005
Fontibón, 65-69,Hombres,2521,2005
Fontibón, 65-69,Mujeres,3411,2005
Fontibón, 70-74,Hombres,1691,2005
Fontibón, 70-74,Mujeres,2384,2005
Fontibón, 75-79,Hombres,1161,2005
Fontibón, 75-79,Mujeres,1748,2005
Fontibón, 80 y más,Hombres,957,2005
Fontibón, 80 y más,Mujeres,1723,2005
Fontibón, 0-4,Hombres,13542,2015
Fontibón, 0-4,Mujeres,13348,2015
Fontibón, 5-9  ,Hombres,13505,2015
Fontibón, 5-9  ,Mujeres,13339,2015
Fontibón, 10-14  ,Hombres,13839,2015
Fontibón, 10-14  ,Mujeres,13681,2015
Fontibón, 15-19,Hombres,14380,2015
Fontibón, 15-19,Mujeres,14506,2015
Fontibón, 20-24,Hombres,15415,2015
Fontibón, 20-24,Mujeres,15616,2015
Fontibón, 25-29,Hombres,15492,2015
Fontibón, 25-29,Mujeres,15931,2015
Fontibón, 30-34,Hombres,16317,2015
Fontibón, 30-34,Mujeres,18603,2015
Fontibón, 35-39,Hombres,15049,2015
Fontibón, 35-39,Mujeres,17134,2015
Fontibón, 40-44,Hombres,13266,2015
Fontibón, 40-44,Mujeres,15200,2015
Fontibón, 45-49,Hombres,11920,2015
Fontibón, 45-49,Mujeres,14042,2015
Fontibón, 50-54,Hombres,10788,2015
Fontibón, 50-54,Mujeres,13081,2015
Fontibón, 55-59,Hombres,8751,2015
Fontibón, 55-59,Mujeres,10987,2015
Fontibón, 60-64,Hombres,6431,2015
Fontibón, 60-64,Mujeres,8279,2015
Fontibón, 65-69,Hombres,4892,2015
Fontibón, 65-69,Mujeres,6439,2015
Fontibón, 70-74,Hombres,3089,2015
Fontibón, 70-74,Mujeres,4228,2015
Fontibón, 75-79,Hombres,1838,2015
Fontibón, 75-79,Mujeres,2880,2015
Fontibón, 80 y más,Hombres,1660,2015
Fontibón, 80 y más,Mujeres,2985,2015
Fontibón, 0-4,Hombres,15106,2019
Fontibón, 0-4,Mujeres,14373,2019
Fontibón, 5-9  ,Hombres,15005,2019
Fontibón, 5-9  ,Mujeres,14411,2019
Fontibón, 10-14  ,Hombres,15033,2019
Fontibón, 10-14  ,Mujeres,14738,2019
Fontibón, 15-19,Hombres,15388,2019
Fontibón, 15-19,Mujeres,15716,2019
Fontibón, 20-24,Hombres,16881,2019
Fontibón, 20-24,Mujeres,17458,2019
Fontibón, 25-29,Hombres,17642,2019
Fontibón, 25-29,Mujeres,18278,2019
Fontibón, 30-34,Hombres,16481,2019
Fontibón, 30-34,Mujeres,17652,2019
Fontibón, 35-39,Hombres,16448,2019
Fontibón, 35-39,Mujeres,19333,2019
Fontibón, 40-44,Hombres,15514,2019
Fontibón, 40-44,Mujeres,18060,2019
Fontibón, 45-49,Hombres,13745,2019
Fontibón, 45-49,Mujeres,16212,2019
Fontibón, 50-54,Hombres,12577,2019
Fontibón, 50-54,Mujeres,15328,2019
Fontibón, 55-59,Hombres,11448,2019
Fontibón, 55-59,Mujeres,14450,2019
Fontibón, 60-64,Hombres,8544,2019
Fontibón, 60-64,Mujeres,11256,2019
Fontibón, 65-69,Hombres,6160,2019
Fontibón, 65-69,Mujeres,8399,2019
Fontibón, 70-74,Hombres,4270,2019
Fontibón, 70-74,Mujeres,6064,2019
Fontibón, 75-79,Hombres,2547,2019
Fontibón, 75-79,Mujeres,3914,2019
Fontibón, 80 y más,Hombres,2114,2019
Fontibón, 80 y más,Mujeres,3901,2019
Engativá, 0-4,Hombres,31399,2005
Engativá, 0-4,Mujeres,30522,2005
Engativá, 5-9  ,Hombres,33347,2005
Engativá, 5-9  ,Mujeres,32550,2005
Engativá, 10-14  ,Hombres,34457,2005
Engativá, 10-14  ,Mujeres,33619,2005
Engativá, 15-19,Hombres,33130,2005
Engativá, 15-19,Mujeres,32825,2005
Engativá, 20-24,Hombres,35598,2005
Engativá, 20-24,Mujeres,39324,2005
Engativá, 25-29,Hombres,34190,2005
Engativá, 25-29,Mujeres,37696,2005
Engativá, 30-34,Hombres,29798,2005
Engativá, 30-34,Mujeres,33033,2005
Engativá, 35-39,Hombres,29467,2005
Engativá, 35-39,Mujeres,33536,2005
Engativá, 40-44,Hombres,28632,2005
Engativá, 40-44,Mujeres,33430,2005
Engativá, 45-49,Hombres,23765,2005
Engativá, 45-49,Mujeres,28539,2005
Engativá, 50-54,Hombres,18143,2005
Engativá, 50-54,Mujeres,22036,2005
Engativá, 55-59,Hombres,14129,2005
Engativá, 55-59,Mujeres,17188,2005
Engativá, 60-64,Hombres,10795,2005
Engativá, 60-64,Mujeres,13227,2005
Engativá, 65-69,Hombres,7780,2005
Engativá, 65-69,Mujeres,10429,2005
Engativá, 70-74,Hombres,5664,2005
Engativá, 70-74,Mujeres,7909,2005
Engativá, 75-79,Hombres,3801,2005
Engativá, 75-79,Mujeres,5661,2005
Engativá, 80 y más,Hombres,2995,2005
Engativá, 80 y más,Mujeres,5330,2005
Engativá, 0-4,Hombres,29959,2015
Engativá, 0-4,Mujeres,28783,2015
Engativá, 5-9  ,Hombres,30115,2015
Engativá, 5-9  ,Mujeres,29007,2015
Engativá, 10-14  ,Hombres,30774,2015
Engativá, 10-14  ,Mujeres,29669,2015
Engativá, 15-19,Hombres,33092,2015
Engativá, 15-19,Mujeres,32546,2015
Engativá, 20-24,Hombres,37085,2015
Engativá, 20-24,Mujeres,36625,2015
Engativá, 25-29,Hombres,35340,2015
Engativá, 25-29,Mujeres,35420,2015
Engativá, 30-34,Hombres,34393,2015
Engativá, 30-34,Mujeres,38169,2015
Engativá, 35-39,Hombres,33194,2015
Engativá, 35-39,Mujeres,36787,2015
Engativá, 40-44,Hombres,29839,2015
Engativá, 40-44,Mujeres,33275,2015
Engativá, 45-49,Hombres,28505,2015
Engativá, 45-49,Mujeres,32668,2015
Engativá, 50-54,Hombres,26190,2015
Engativá, 50-54,Mujeres,30885,2015
Engativá, 55-59,Hombres,21640,2015
Engativá, 55-59,Mujeres,26404,2015
Engativá, 60-64,Hombres,17019,2015
Engativá, 60-64,Mujeres,21288,2015
Engativá, 65-69,Hombres,13062,2015
Engativá, 65-69,Mujeres,16699,2015
Engativá, 70-74,Hombres,8956,2015
Engativá, 70-74,Mujeres,11897,2015
Engativá, 75-79,Hombres,5217,2015
Engativá, 75-79,Mujeres,7914,2015
Engativá, 80 y más,Hombres,4510,2015
Engativá, 80 y más,Mujeres,7829,2015
Engativá, 0-4,Hombres,29080,2019
Engativá, 0-4,Mujeres,27469,2019
Engativá, 5-9  ,Hombres,29628,2019
Engativá, 5-9  ,Mujeres,27839,2019
Engativá, 10-14  ,Hombres,30475,2019
Engativá, 10-14  ,Mujeres,28757,2019
Engativá, 15-19,Hombres,31613,2019
Engativá, 15-19,Mujeres,30721,2019
Engativá, 20-24,Hombres,34443,2019
Engativá, 20-24,Mujeres,33870,2019
Engativá, 25-29,Hombres,35193,2019
Engativá, 25-29,Mujeres,34647,2019
Engativá, 30-34,Hombres,33574,2019
Engativá, 30-34,Mujeres,34162,2019
Engativá, 35-39,Hombres,34807,2019
Engativá, 35-39,Mujeres,38823,2019
Engativá, 40-44,Hombres,31754,2019
Engativá, 40-44,Mujeres,35069,2019
Engativá, 45-49,Hombres,27436,2019
Engativá, 45-49,Mujeres,30689,2019
Engativá, 50-54,Hombres,27102,2019
Engativá, 50-54,Mujeres,31305,2019
Engativá, 55-59,Hombres,25358,2019
Engativá, 55-59,Mujeres,30313,2019
Engativá, 60-64,Hombres,20038,2019
Engativá, 60-64,Mujeres,24971,2019
Engativá, 65-69,Hombres,14513,2019
Engativá, 65-69,Mujeres,18701,2019
Engativá, 70-74,Hombres,10283,2019
Engativá, 70-74,Mujeres,13795,2019
Engativá, 75-79,Hombres,6544,2019
Engativá, 75-79,Mujeres,9496,2019
Engativá, 80 y más,Hombres,5629,2019
Engativá, 80 y más,Mujeres,9789,2019
Suba, 0-4,Hombres,39030,2005
Suba, 0-4,Mujeres,38638,2005
Suba, 5-9  ,Hombres,41094,2005
Suba, 5-9  ,Mujeres,40858,2005
Suba, 10-14  ,Hombres,42171,2005
Suba, 10-14  ,Mujeres,41914,2005
Suba, 15-19,Hombres,39427,2005
Suba, 15-19,Mujeres,39791,2005
Suba, 20-24,Hombres,39140,2005
Suba, 20-24,Mujeres,44091,2005
Suba, 25-29,Hombres,39116,2005
Suba, 25-29,Mujeres,43978,2005
Suba, 30-34,Hombres,35652,2005
Suba, 30-34,Mujeres,40304,2005
Suba, 35-39,Hombres,34638,2005
Suba, 35-39,Mujeres,40206,2005
Suba, 40-44,Hombres,32559,2005
Suba, 40-44,Mujeres,38791,2005
Suba, 45-49,Hombres,26626,2005
Suba, 45-49,Mujeres,32638,2005
Suba, 50-54,Hombres,19962,2005
Suba, 50-54,Mujeres,24751,2005
Suba, 55-59,Hombres,14808,2005
Suba, 55-59,Mujeres,18388,2005
Suba, 60-64,Hombres,10615,2005
Suba, 60-64,Mujeres,13280,2005
Suba, 65-69,Hombres,7230,2005
Suba, 65-69,Mujeres,9901,2005
Suba, 70-74,Hombres,5172,2005
Suba, 70-74,Mujeres,7381,2005
Suba, 75-79,Hombres,3401,2005
Suba, 75-79,Mujeres,5182,2005
Suba, 80 y más,Hombres,2776,2005
Suba, 80 y más,Mujeres,5071,2005
Suba, 0-4,Hombres,43621,2015
Suba, 0-4,Mujeres,42883,2015
Suba, 5-9  ,Hombres,43472,2015
Suba, 5-9  ,Mujeres,42863,2015
Suba, 10-14  ,Hombres,44122,2015
Suba, 10-14  ,Mujeres,43539,2015
Suba, 15-19,Hombres,46127,2015
Suba, 15-19,Mujeres,46444,2015
Suba, 20-24,Hombres,47804,2015
Suba, 20-24,Mujeres,48335,2015
Suba, 25-29,Hombres,47399,2015
Suba, 25-29,Mujeres,48644,2015
Suba, 30-34,Hombres,48182,2015
Suba, 30-34,Mujeres,54817,2015
Suba, 35-39,Hombres,45695,2015
Suba, 35-39,Mujeres,51916,2015
Suba, 40-44,Hombres,39751,2015
Suba, 40-44,Mujeres,45449,2015
Suba, 45-49,Hombres,37405,2015
Suba, 45-49,Mujeres,43974,2015
Suba, 50-54,Hombres,33744,2015
Suba, 50-54,Mujeres,40833,2015
Suba, 55-59,Hombres,26548,2015
Suba, 55-59,Mujeres,33253,2015
Suba, 60-64,Hombres,19586,2015
Suba, 60-64,Mujeres,25159,2015
Suba, 65-69,Hombres,14214,2015
Suba, 65-69,Mujeres,18665,2015
Suba, 70-74,Hombres,9573,2015
Suba, 70-74,Mujeres,13072,2015
Suba, 75-79,Hombres,5457,2015
Suba, 75-79,Mujeres,8533,2015
Suba, 80 y más,Hombres,4888,2015
Suba, 80 y más,Mujeres,8769,2015
Suba, 0-4,Hombres,48637,2019
Suba, 0-4,Mujeres,46041,2019
Suba, 5-9  ,Hombres,48531,2019
Suba, 5-9  ,Mujeres,45885,2019
Suba, 10-14  ,Hombres,48530,2019
Suba, 10-14  ,Mujeres,46469,2019
Suba, 15-19,Hombres,49335,2019
Suba, 15-19,Mujeres,49426,2019
Suba, 20-24,Hombres,53405,2019
Suba, 20-24,Mujeres,54201,2019
Suba, 25-29,Hombres,55062,2019
Suba, 25-29,Mujeres,55972,2019
Suba, 30-34,Hombres,51560,2019
Suba, 30-34,Mujeres,54080,2019
Suba, 35-39,Hombres,50480,2019
Suba, 35-39,Mujeres,58222,2019
Suba, 40-44,Hombres,47869,2019
Suba, 40-44,Mujeres,54645,2019
Suba, 45-49,Hombres,41840,2019
Suba, 45-49,Mujeres,48341,2019
Suba, 50-54,Hombres,39282,2019
Suba, 50-54,Mujeres,46885,2019
Suba, 55-59,Hombres,35094,2019
Suba, 55-59,Mujeres,43387,2019
Suba, 60-64,Hombres,27156,2019
Suba, 60-64,Mujeres,35071,2019
Suba, 65-69,Hombres,19265,2019
Suba, 65-69,Mujeres,25734,2019
Suba, 70-74,Hombres,12961,2019
Suba, 70-74,Mujeres,17983,2019
Suba, 75-79,Hombres,7755,2019
Suba, 75-79,Mujeres,11648,2019
Suba, 80 y más,Hombres,6287,2019
Suba, 80 y más,Mujeres,11333,2019
Barrios Unidos, 0-4,Hombres,7353,2005
Barrios Unidos, 0-4,Mujeres,6900,2005
Barrios Unidos, 5-9  ,Hombres,8126,2005
Barrios Unidos, 5-9  ,Mujeres,7654,2005
Barrios Unidos, 10-14  ,Hombres,8153,2005
Barrios Unidos, 10-14  ,Mujeres,7676,2005
Barrios Unidos, 15-19,Hombres,8794,2005
Barrios Unidos, 15-19,Mujeres,8405,2005
Barrios Unidos, 20-24,Hombres,10395,2005
Barrios Unidos, 20-24,Mujeres,11052,2005
Barrios Unidos, 25-29,Hombres,9473,2005
Barrios Unidos, 25-29,Mujeres,10053,2005
Barrios Unidos, 30-34,Hombres,7855,2005
Barrios Unidos, 30-34,Mujeres,8382,2005
Barrios Unidos, 35-39,Hombres,7474,2005
Barrios Unidos, 35-39,Mujeres,8182,2005
Barrios Unidos, 40-44,Hombres,7921,2005
Barrios Unidos, 40-44,Mujeres,8892,2005
Barrios Unidos, 45-49,Hombres,7415,2005
Barrios Unidos, 45-49,Mujeres,8556,2005
Barrios Unidos, 50-54,Hombres,6028,2005
Barrios Unidos, 50-54,Mujeres,7035,2005
Barrios Unidos, 55-59,Hombres,5705,2005
Barrios Unidos, 55-59,Mujeres,6665,2005
Barrios Unidos, 60-64,Hombres,4499,2005
Barrios Unidos, 60-64,Mujeres,5296,2005
Barrios Unidos, 65-69,Hombres,2692,2005
Barrios Unidos, 65-69,Mujeres,3460,2005
Barrios Unidos, 70-74,Hombres,2101,2005
Barrios Unidos, 70-74,Mujeres,2809,2005
Barrios Unidos, 75-79,Hombres,1837,2005
Barrios Unidos, 75-79,Mujeres,2616,2005
Barrios Unidos, 80 y más,Hombres,1768,2005
Barrios Unidos, 80 y más,Mujeres,2994,2005
Barrios Unidos, 0-4,Hombres,6605,2015
Barrios Unidos, 0-4,Mujeres,6173,2015
Barrios Unidos, 5-9  ,Hombres,6906,2015
Barrios Unidos, 5-9  ,Mujeres,6467,2015
Barrios Unidos, 10-14  ,Hombres,6851,2015
Barrios Unidos, 10-14  ,Mujeres,6422,2015
Barrios Unidos, 15-19,Hombres,8263,2015
Barrios Unidos, 15-19,Mujeres,7901,2015
Barrios Unidos, 20-24,Hombres,10171,2015
Barrios Unidos, 20-24,Mujeres,9764,2015
Barrios Unidos, 25-29,Hombres,9198,2015
Barrios Unidos, 25-29,Mujeres,8960,2015
Barrios Unidos, 30-34,Hombres,8528,2015
Barrios Unidos, 30-34,Mujeres,9184,2015
Barrios Unidos, 35-39,Hombres,7915,2015
Barrios Unidos, 35-39,Mujeres,8511,2015
Barrios Unidos, 40-44,Hombres,7758,2015
Barrios Unidos, 40-44,Mujeres,8394,2015
Barrios Unidos, 45-49,Hombres,8359,2015
Barrios Unidos, 45-49,Mujeres,9288,2015
Barrios Unidos, 50-54,Hombres,8183,2015
Barrios Unidos, 50-54,Mujeres,9352,2015
Barrios Unidos, 55-59,Hombres,8214,2015
Barrios Unidos, 55-59,Mujeres,9710,2015
Barrios Unidos, 60-64,Hombres,6674,2015
Barrios Unidos, 60-64,Mujeres,8084,2015
Barrios Unidos, 65-69,Hombres,4245,2015
Barrios Unidos, 65-69,Mujeres,5253,2015
Barrios Unidos, 70-74,Hombres,3119,2015
Barrios Unidos, 70-74,Mujeres,4007,2015
Barrios Unidos, 75-79,Hombres,2369,2015
Barrios Unidos, 75-79,Mujeres,3467,2015
Barrios Unidos, 80 y más,Hombres,2497,2015
Barrios Unidos, 80 y más,Mujeres,4168,2015
Barrios Unidos, 0-4,Hombres,6828,2019
Barrios Unidos, 0-4,Mujeres,6345,2019
Barrios Unidos, 5-9  ,Hombres,7388,2019
Barrios Unidos, 5-9  ,Mujeres,6609,2019
Barrios Unidos, 10-14  ,Hombres,8133,2019
Barrios Unidos, 10-14  ,Mujeres,7021,2019
Barrios Unidos, 15-19,Hombres,9021,2019
Barrios Unidos, 15-19,Mujeres,7708,2019
Barrios Unidos, 20-24,Hombres,10161,2019
Barrios Unidos, 20-24,Mujeres,8765,2019
Barrios Unidos, 25-29,Hombres,9928,2019
Barrios Unidos, 25-29,Mujeres,8558,2019
Barrios Unidos, 30-34,Hombres,10311,2019
Barrios Unidos, 30-34,Mujeres,9182,2019
Barrios Unidos, 35-39,Hombres,11331,2019
Barrios Unidos, 35-39,Mujeres,11013,2019
Barrios Unidos, 40-44,Hombres,10127,2019
Barrios Unidos, 40-44,Mujeres,9740,2019
Barrios Unidos, 45-49,Hombres,9065,2019
Barrios Unidos, 45-49,Mujeres,8822,2019
Barrios Unidos, 50-54,Hombres,9437,2019
Barrios Unidos, 50-54,Mujeres,9473,2019
Barrios Unidos, 55-59,Hombres,9958,2019
Barrios Unidos, 55-59,Mujeres,10320,2019
Barrios Unidos, 60-64,Hombres,8558,2019
Barrios Unidos, 60-64,Mujeres,9210,2019
Barrios Unidos, 65-69,Hombres,6483,2019
Barrios Unidos, 65-69,Mujeres,7199,2019
Barrios Unidos, 70-74,Hombres,5481,2019
Barrios Unidos, 70-74,Mujeres,6331,2019
Barrios Unidos, 75-79,Hombres,3475,2019
Barrios Unidos, 75-79,Mujeres,4330,2019
Barrios Unidos, 80 y más,Hombres,2818,2019
Barrios Unidos, 80 y más,Mujeres,4267,2019
Teusaquillo, 0-4,Hombres,3432,2005
Teusaquillo, 0-4,Mujeres,3463,2005
Teusaquillo, 5-9  ,Hombres,3672,2005
Teusaquillo, 5-9  ,Mujeres,3722,2005
Teusaquillo, 10-14  ,Hombres,3932,2005
Teusaquillo, 10-14  ,Mujeres,3982,2005
Teusaquillo, 15-19,Hombres,5283,2005
Teusaquillo, 15-19,Mujeres,5436,2005
Teusaquillo, 20-24,Hombres,6712,2005
Teusaquillo, 20-24,Mujeres,7715,2005
Teusaquillo, 25-29,Hombres,6550,2005
Teusaquillo, 25-29,Mujeres,7515,2005
Teusaquillo, 30-34,Hombres,4955,2005
Teusaquillo, 30-34,Mujeres,5716,2005
Teusaquillo, 35-39,Hombres,4606,2005
Teusaquillo, 35-39,Mujeres,5454,2005
Teusaquillo, 40-44,Hombres,4891,2005
Teusaquillo, 40-44,Mujeres,5950,2005
Teusaquillo, 45-49,Hombres,4531,2005
Teusaquillo, 45-49,Mujeres,5675,2005
Teusaquillo, 50-54,Hombres,3934,2005
Teusaquillo, 50-54,Mujeres,4982,2005
Teusaquillo, 55-59,Hombres,3218,2005
Teusaquillo, 55-59,Mujeres,4083,2005
Teusaquillo, 60-64,Hombres,2386,2005
Teusaquillo, 60-64,Mujeres,3050,2005
Teusaquillo, 65-69,Hombres,1901,2005
Teusaquillo, 65-69,Mujeres,2665,2005
Teusaquillo, 70-74,Hombres,1489,2005
Teusaquillo, 70-74,Mujeres,2174,2005
Teusaquillo, 75-79,Hombres,1133,2005
Teusaquillo, 75-79,Mujeres,1770,2005
Teusaquillo, 80 y más,Hombres,1048,2005
Teusaquillo, 80 y más,Mujeres,1968,2005
Teusaquillo, 0-4,Hombres,3124,2015
Teusaquillo, 0-4,Mujeres,3067,2015
Teusaquillo, 5-9  ,Hombres,3171,2015
Teusaquillo, 5-9  ,Mujeres,3116,2015
Teusaquillo, 10-14  ,Hombres,3354,2015
Teusaquillo, 10-14  ,Mujeres,3300,2015
Teusaquillo, 15-19,Hombres,5043,2015
Teusaquillo, 15-19,Mujeres,5062,2015
Teusaquillo, 20-24,Hombres,6697,2015
Teusaquillo, 20-24,Mujeres,6750,2015
Teusaquillo, 25-29,Hombres,6482,2015
Teusaquillo, 25-29,Mujeres,6633,2015
Teusaquillo, 30-34,Hombres,5471,2015
Teusaquillo, 30-34,Mujeres,6203,2015
Teusaquillo, 35-39,Hombres,4965,2015
Teusaquillo, 35-39,Mujeres,5622,2015
Teusaquillo, 40-44,Hombres,4883,2015
Teusaquillo, 40-44,Mujeres,5564,2015
Teusaquillo, 45-49,Hombres,5209,2015
Teusaquillo, 45-49,Mujeres,6100,2015
Teusaquillo, 50-54,Hombres,5441,2015
Teusaquillo, 50-54,Mujeres,6559,2015
Teusaquillo, 55-59,Hombres,4720,2015
Teusaquillo, 55-59,Mujeres,5890,2015
Teusaquillo, 60-64,Hombres,3601,2015
Teusaquillo, 60-64,Mujeres,4611,2015
Teusaquillo, 65-69,Hombres,3062,2015
Teusaquillo, 65-69,Mujeres,4006,2015
Teusaquillo, 70-74,Hombres,2259,2015
Teusaquillo, 70-74,Mujeres,3073,2015
Teusaquillo, 75-79,Hombres,1494,2015
Teusaquillo, 75-79,Mujeres,2324,2015
Teusaquillo, 80 y más,Hombres,1521,2015
Teusaquillo, 80 y más,Mujeres,2715,2015
Teusaquillo, 0-4,Hombres,2681,2019
Teusaquillo, 0-4,Mujeres,2512,2019
Teusaquillo, 5-9  ,Hombres,3094,2019
Teusaquillo, 5-9  ,Mujeres,2834,2019
Teusaquillo, 10-14  ,Hombres,3657,2019
Teusaquillo, 10-14  ,Mujeres,3330,2019
Teusaquillo, 15-19,Hombres,4076,2019
Teusaquillo, 15-19,Mujeres,3912,2019
Teusaquillo, 20-24,Hombres,4627,2019
Teusaquillo, 20-24,Mujeres,4490,2019
Teusaquillo, 25-29,Hombres,4797,2019
Teusaquillo, 25-29,Mujeres,4652,2019
Teusaquillo, 30-34,Hombres,5594,2019
Teusaquillo, 30-34,Mujeres,5617,2019
Teusaquillo, 35-39,Hombres,5987,2019
Teusaquillo, 35-39,Mujeres,6587,2019
Teusaquillo, 40-44,Hombres,5430,2019
Teusaquillo, 40-44,Mujeres,5919,2019
Teusaquillo, 45-49,Hombres,4396,2019
Teusaquillo, 45-49,Mujeres,4851,2019
Teusaquillo, 50-54,Hombres,4475,2019
Teusaquillo, 50-54,Mujeres,5100,2019
Teusaquillo, 55-59,Hombres,4698,2019
Teusaquillo, 55-59,Mujeres,5551,2019
Teusaquillo, 60-64,Hombres,4138,2019
Teusaquillo, 60-64,Mujeres,5097,2019
Teusaquillo, 65-69,Hombres,3397,2019
Teusaquillo, 65-69,Mujeres,4326,2019
Teusaquillo, 70-74,Hombres,2491,2019
Teusaquillo, 70-74,Mujeres,3305,2019
Teusaquillo, 75-79,Hombres,1549,2019
Teusaquillo, 75-79,Mujeres,2229,2019
Teusaquillo, 80 y más,Hombres,1597,2019
Teusaquillo, 80 y más,Mujeres,2780,2019
Chapinero, 0-4,Hombres,3859,2005
Chapinero, 0-4,Mujeres,3489,2005
Chapinero, 5-9  ,Hombres,3762,2005
Chapinero, 5-9  ,Mujeres,3414,2005
Chapinero, 10-14  ,Hombres,3992,2005
Chapinero, 10-14  ,Mujeres,3622,2005
Chapinero, 15-19,Hombres,4228,2005
Chapinero, 15-19,Mujeres,3893,2005
Chapinero, 20-24,Hombres,4710,2005
Chapinero, 20-24,Mujeres,4815,2005
Chapinero, 25-29,Hombres,4484,2005
Chapinero, 25-29,Mujeres,4576,2005
Chapinero, 30-34,Hombres,3488,2005
Chapinero, 30-34,Mujeres,3579,2005
Chapinero, 35-39,Hombres,3217,2005
Chapinero, 35-39,Mujeres,3385,2005
Chapinero, 40-44,Hombres,3188,2005
Chapinero, 40-44,Mujeres,3436,2005
Chapinero, 45-49,Hombres,3168,2005
Chapinero, 45-49,Mujeres,3508,2005
Chapinero, 50-54,Hombres,2533,2005
Chapinero, 50-54,Mujeres,2836,2005
Chapinero, 55-59,Hombres,2043,2005
Chapinero, 55-59,Mujeres,2293,2005
Chapinero, 60-64,Hombres,1608,2005
Chapinero, 60-64,Mujeres,1818,2005
Chapinero, 65-69,Hombres,995,2005
Chapinero, 65-69,Mujeres,1225,2005
Chapinero, 70-74,Hombres,792,2005
Chapinero, 70-74,Mujeres,1013,2005
Chapinero, 75-79,Hombres,595,2005
Chapinero, 75-79,Mujeres,811,2005
Chapinero, 80 y más,Hombres,572,2005
Chapinero, 80 y más,Mujeres,919,2005
Chapinero, 0-4,Hombres,3451,2015
Chapinero, 0-4,Mujeres,2985,2015
Chapinero, 5-9  ,Hombres,3184,2015
Chapinero, 5-9  ,Mujeres,2765,2015
Chapinero, 10-14  ,Hombres,3343,2015
Chapinero, 10-14  ,Mujeres,2903,2015
Chapinero, 15-19,Hombres,3960,2015
Chapinero, 15-19,Mujeres,3507,2015
Chapinero, 20-24,Hombres,4584,2015
Chapinero, 20-24,Mujeres,4075,2015
Chapinero, 25-29,Hombres,4335,2015
Chapinero, 25-29,Mujeres,3906,2015
Chapinero, 30-34,Hombres,3784,2015
Chapinero, 30-34,Mujeres,3757,2015
Chapinero, 35-39,Hombres,3403,2015
Chapinero, 35-39,Mujeres,3373,2015
Chapinero, 40-44,Hombres,3118,2015
Chapinero, 40-44,Mujeres,3108,2015
Chapinero, 45-49,Hombres,3566,2015
Chapinero, 45-49,Mujeres,3650,2015
Chapinero, 50-54,Hombres,3437,2015
Chapinero, 50-54,Mujeres,3612,2015
Chapinero, 55-59,Hombres,2947,2015
Chapinero, 55-59,Mujeres,3200,2015
Chapinero, 60-64,Hombres,2392,2015
Chapinero, 60-64,Mujeres,2658,2015
Chapinero, 65-69,Hombres,1571,2015
Chapinero, 65-69,Mujeres,1780,2015
Chapinero, 70-74,Hombres,1178,2015
Chapinero, 70-74,Mujeres,1385,2015
Chapinero, 75-79,Hombres,773,2015
Chapinero, 75-79,Mujeres,1028,2015
Chapinero, 80 y más,Hombres,814,2015
Chapinero, 80 y más,Mujeres,1226,2015
Chapinero, 0-4,Hombres,2818,2019
Chapinero, 0-4,Mujeres,2637,2019
Chapinero, 5-9  ,Hombres,2979,2019
Chapinero, 5-9  ,Mujeres,2718,2019
Chapinero, 10-14  ,Hombres,3251,2019
Chapinero, 10-14  ,Mujeres,2881,2019
Chapinero, 15-19,Hombres,3438,2019
Chapinero, 15-19,Mujeres,2941,2019
Chapinero, 20-24,Hombres,3562,2019
Chapinero, 20-24,Mujeres,3080,2019
Chapinero, 25-29,Hombres,3686,2019
Chapinero, 25-29,Mujeres,3188,2019
Chapinero, 30-34,Hombres,3639,2019
Chapinero, 30-34,Mujeres,3245,2019
Chapinero, 35-39,Hombres,3805,2019
Chapinero, 35-39,Mujeres,3703,2019
Chapinero, 40-44,Hombres,3550,2019
Chapinero, 40-44,Mujeres,3420,2019
Chapinero, 45-49,Hombres,2964,2019
Chapinero, 45-49,Mujeres,2891,2019
Chapinero, 50-54,Hombres,2946,2019
Chapinero, 50-54,Mujeres,2962,2019
Chapinero, 55-59,Hombres,2919,2019
Chapinero, 55-59,Mujeres,3029,2019
Chapinero, 60-64,Hombres,2661,2019
Chapinero, 60-64,Mujeres,2868,2019
Chapinero, 65-69,Hombres,1931,2019
Chapinero, 65-69,Mujeres,2147,2019
Chapinero, 70-74,Hombres,1404,2019
Chapinero, 70-74,Mujeres,1625,2019
Chapinero, 75-79,Hombres,901,2019
Chapinero, 75-79,Mujeres,1127,2019
Chapinero, 80 y más,Hombres,735,2019
Chapinero, 80 y más,Mujeres,1104,2019
Antonio Nariño, 0-4,Hombres,4706,2005
Antonio Nariño, 0-4,Mujeres,4495,2005
Antonio Nariño, 5-9  ,Hombres,4682,2005
Antonio Nariño, 5-9  ,Mujeres,4487,2005
Antonio Nariño, 10-14  ,Hombres,4947,2005
Antonio Nariño, 10-14  ,Mujeres,4741,2005
Antonio Nariño, 15-19,Hombres,4851,2005
Antonio Nariño, 15-19,Mujeres,4720,2005
Antonio Nariño, 20-24,Hombres,4840,2005
Antonio Nariño, 20-24,Mujeres,5245,2005
Antonio Nariño, 25-29,Hombres,4211,2005
Antonio Nariño, 25-29,Mujeres,4553,2005
Antonio Nariño, 30-34,Hombres,3559,2005
Antonio Nariño, 30-34,Mujeres,3869,2005
Antonio Nariño, 35-39,Hombres,3422,2005
Antonio Nariño, 35-39,Mujeres,3819,2005
Antonio Nariño, 40-44,Hombres,3442,2005
Antonio Nariño, 40-44,Mujeres,3941,2005
Antonio Nariño, 45-49,Hombres,3211,2005
Antonio Nariño, 45-49,Mujeres,3780,2005
Antonio Nariño, 50-54,Hombres,2594,2005
Antonio Nariño, 50-54,Mujeres,3088,2005
Antonio Nariño, 55-59,Hombres,1951,2005
Antonio Nariño, 55-59,Mujeres,2326,2005
Antonio Nariño, 60-64,Hombres,1473,2005
Antonio Nariño, 60-64,Mujeres,1768,2005
Antonio Nariño, 65-69,Hombres,1132,2005
Antonio Nariño, 65-69,Mujeres,1485,2005
Antonio Nariño, 70-74,Hombres,841,2005
Antonio Nariño, 70-74,Mujeres,1149,2005
Antonio Nariño, 75-79,Hombres,652,2005
Antonio Nariño, 75-79,Mujeres,951,2005
Antonio Nariño, 80 y más,Hombres,628,2005
Antonio Nariño, 80 y más,Mujeres,1089,2005
Antonio Nariño, 0-4,Hombres,4186,2015
Antonio Nariño, 0-4,Mujeres,3884,2015
Antonio Nariño, 5-9  ,Hombres,3941,2015
Antonio Nariño, 5-9  ,Mujeres,3663,2015
Antonio Nariño, 10-14  ,Hombres,4118,2015
Antonio Nariño, 10-14  ,Mujeres,3832,2015
Antonio Nariño, 15-19,Hombres,4517,2015
Antonio Nariño, 15-19,Mujeres,4286,2015
Antonio Nariño, 20-24,Hombres,4699,2015
Antonio Nariño, 20-24,Mujeres,4474,2015
Antonio Nariño, 25-29,Hombres,4056,2015
Antonio Nariño, 25-29,Mujeres,3919,2015
Antonio Nariño, 30-34,Hombres,3833,2015
Antonio Nariño, 30-34,Mujeres,4095,2015
Antonio Nariño, 35-39,Hombres,3599,2015
Antonio Nariño, 35-39,Mujeres,3837,2015
Antonio Nariño, 40-44,Hombres,3349,2015
Antonio Nariño, 40-44,Mujeres,3594,2015
Antonio Nariño, 45-49,Hombres,3597,2015
Antonio Nariño, 45-49,Mujeres,3964,2015
Antonio Nariño, 50-54,Hombres,3497,2015
Antonio Nariño, 50-54,Mujeres,3965,2015
Antonio Nariño, 55-59,Hombres,2792,2015
Antonio Nariño, 55-59,Mujeres,3274,2015
Antonio Nariño, 60-64,Hombres,2172,2015
Antonio Nariño, 60-64,Mujeres,2607,2015
Antonio Nariño, 65-69,Hombres,1775,2015
Antonio Nariño, 65-69,Mujeres,2179,2015
Antonio Nariño, 70-74,Hombres,1244,2015
Antonio Nariño, 70-74,Mujeres,1583,2015
Antonio Nariño, 75-79,Hombres,841,2015
Antonio Nariño, 75-79,Mujeres,1217,2015
Antonio Nariño, 80 y más,Hombres,887,2015
Antonio Nariño, 80 y más,Mujeres,1465,2015
Antonio Nariño, 0-4,Hombres,3886,2019
Antonio Nariño, 0-4,Mujeres,3647,2019
Antonio Nariño, 5-9  ,Hombres,3977,2019
Antonio Nariño, 5-9  ,Mujeres,3664,2019
Antonio Nariño, 10-14  ,Hombres,4094,2019
Antonio Nariño, 10-14  ,Mujeres,3726,2019
Antonio Nariño, 15-19,Hombres,4073,2019
Antonio Nariño, 15-19,Mujeres,3747,2019
Antonio Nariño, 20-24,Hombres,4124,2019
Antonio Nariño, 20-24,Mujeres,3833,2019
Antonio Nariño, 25-29,Hombres,4219,2019
Antonio Nariño, 25-29,Mujeres,3926,2019
Antonio Nariño, 30-34,Hombres,4015,2019
Antonio Nariño, 30-34,Mujeres,3854,2019
Antonio Nariño, 35-39,Hombres,3980,2019
Antonio Nariño, 35-39,Mujeres,4187,2019
Antonio Nariño, 40-44,Hombres,3576,2019
Antonio Nariño, 40-44,Mujeres,3721,2019
Antonio Nariño, 45-49,Hombres,3213,2019
Antonio Nariño, 45-49,Mujeres,3387,2019
Antonio Nariño, 50-54,Hombres,3178,2019
Antonio Nariño, 50-54,Mujeres,3457,2019
Antonio Nariño, 55-59,Hombres,3148,2019
Antonio Nariño, 55-59,Mujeres,3543,2019
Antonio Nariño, 60-64,Hombres,2825,2019
Antonio Nariño, 60-64,Mujeres,3305,2019
Antonio Nariño, 65-69,Hombres,2170,2019
Antonio Nariño, 65-69,Mujeres,2623,2019
Antonio Nariño, 70-74,Hombres,1483,2019
Antonio Nariño, 70-74,Mujeres,1866,2019
Antonio Nariño, 75-79,Hombres,943,2019
Antonio Nariño, 75-79,Mujeres,1285,2019
Antonio Nariño, 80 y más,Hombres,919,2019
Antonio Nariño, 80 y más,Mujeres,1510,2019
Puente Aranda, 0-4,Hombres,9665,2005
Puente Aranda, 0-4,Mujeres,8991,2005
Puente Aranda, 5-9  ,Hombres,10121,2005
Puente Aranda, 5-9  ,Mujeres,9456,2005
Puente Aranda, 10-14  ,Hombres,10799,2005
Puente Aranda, 10-14  ,Mujeres,10084,2005
Puente Aranda, 15-19,Hombres,11099,2005
Puente Aranda, 15-19,Mujeres,10521,2005
Puente Aranda, 20-24,Hombres,12154,2005
Puente Aranda, 20-24,Mujeres,12813,2005
Puente Aranda, 25-29,Hombres,11631,2005
Puente Aranda, 25-29,Mujeres,12239,2005
Puente Aranda, 30-34,Hombres,9852,2005
Puente Aranda, 30-34,Mujeres,10424,2005
Puente Aranda, 35-39,Hombres,9771,2005
Puente Aranda, 35-39,Mujeres,10605,2005
Puente Aranda, 40-44,Hombres,9485,2005
Puente Aranda, 40-44,Mujeres,10556,2005
Puente Aranda, 45-49,Hombres,7705,2005
Puente Aranda, 45-49,Mujeres,8811,2005
Puente Aranda, 50-54,Hombres,5778,2005
Puente Aranda, 50-54,Mujeres,6681,2005
Puente Aranda, 55-59,Hombres,4553,2005
Puente Aranda, 55-59,Mujeres,5273,2005
Puente Aranda, 60-64,Hombres,3694,2005
Puente Aranda, 60-64,Mujeres,4310,2005
Puente Aranda, 65-69,Hombres,3109,2005
Puente Aranda, 65-69,Mujeres,3955,2005
Puente Aranda, 70-74,Hombres,2349,2005
Puente Aranda, 70-74,Mujeres,3110,2005
Puente Aranda, 75-79,Hombres,1685,2005
Puente Aranda, 75-79,Mujeres,2376,2005
Puente Aranda, 80 y más,Hombres,1284,2005
Puente Aranda, 80 y más,Mujeres,2151,2005
Puente Aranda, 0-4,Hombres,8402,2015
Puente Aranda, 0-4,Mujeres,7628,2015
Puente Aranda, 5-9  ,Hombres,8326,2015
Puente Aranda, 5-9  ,Mujeres,7581,2015
Puente Aranda, 10-14  ,Hombres,8785,2015
Puente Aranda, 10-14  ,Mujeres,8006,2015
Puente Aranda, 15-19,Hombres,10100,2015
Puente Aranda, 15-19,Mujeres,9385,2015
Puente Aranda, 20-24,Hombres,11513,2015
Puente Aranda, 20-24,Mujeres,10740,2015
Puente Aranda, 25-29,Hombres,10934,2015
Puente Aranda, 25-29,Mujeres,10346,2015
Puente Aranda, 30-34,Hombres,10370,2015
Puente Aranda, 30-34,Mujeres,10835,2015
Puente Aranda, 35-39,Hombres,10032,2015
Puente Aranda, 35-39,Mujeres,10466,2015
Puente Aranda, 40-44,Hombres,9006,2015
Puente Aranda, 40-44,Mujeres,9454,2015
Puente Aranda, 45-49,Hombres,8421,2015
Puente Aranda, 45-49,Mujeres,9076,2015
Puente Aranda, 50-54,Hombres,7606,2015
Puente Aranda, 50-54,Mujeres,8427,2015
Puente Aranda, 55-59,Hombres,6363,2015
Puente Aranda, 55-59,Mujeres,7287,2015
Puente Aranda, 60-64,Hombres,5320,2015
Puente Aranda, 60-64,Mujeres,6241,2015
Puente Aranda, 65-69,Hombres,4757,2015
Puente Aranda, 65-69,Mujeres,5700,2015
Puente Aranda, 70-74,Hombres,3385,2015
Puente Aranda, 70-74,Mujeres,4207,2015
Puente Aranda, 75-79,Hombres,2115,2015
Puente Aranda, 75-79,Mujeres,2989,2015
Puente Aranda, 80 y más,Hombres,1769,2015
Puente Aranda, 80 y más,Mujeres,2842,2015
Puente Aranda, 0-4,Hombres,6339,2019
Puente Aranda, 0-4,Mujeres,5941,2019
Puente Aranda, 5-9  ,Hombres,6747,2019
Puente Aranda, 5-9  ,Mujeres,6192,2019
Puente Aranda, 10-14  ,Hombres,7300,2019
Puente Aranda, 10-14  ,Mujeres,6564,2019
Puente Aranda, 15-19,Hombres,7766,2019
Puente Aranda, 15-19,Mujeres,6906,2019
Puente Aranda, 20-24,Hombres,8400,2019
Puente Aranda, 20-24,Mujeres,7555,2019
Puente Aranda, 25-29,Hombres,8775,2019
Puente Aranda, 25-29,Mujeres,7893,2019
Puente Aranda, 30-34,Hombres,8677,2019
Puente Aranda, 30-34,Mujeres,8056,2019
Puente Aranda, 35-39,Hombres,8910,2019
Puente Aranda, 35-39,Mujeres,9043,2019
Puente Aranda, 40-44,Hombres,7983,2019
Puente Aranda, 40-44,Mujeres,8022,2019
Puente Aranda, 45-49,Hombres,6713,2019
Puente Aranda, 45-49,Mujeres,6831,2019
Puente Aranda, 50-54,Hombres,6746,2019
Puente Aranda, 50-54,Mujeres,7078,2019
Puente Aranda, 55-59,Hombres,6584,2019
Puente Aranda, 55-59,Mujeres,7135,2019
Puente Aranda, 60-64,Hombres,5423,2019
Puente Aranda, 60-64,Mujeres,6111,2019
Puente Aranda, 65-69,Hombres,4078,2019
Puente Aranda, 65-69,Mujeres,4742,2019
Puente Aranda, 70-74,Hombres,2984,2019
Puente Aranda, 70-74,Mujeres,3612,2019
Puente Aranda, 75-79,Hombres,2046,2019
Puente Aranda, 75-79,Mujeres,2683,2019
Puente Aranda, 80 y más,Hombres,2091,2019
Puente Aranda, 80 y más,Mujeres,3265,2019
Candelaria, 0-4,Hombres,789,2005
Candelaria, 0-4,Mujeres,643,2005
Candelaria, 5-9  ,Hombres,886,2005
Candelaria, 5-9  ,Mujeres,731,2005
Candelaria, 10-14  ,Hombres,903,2005
Candelaria, 10-14  ,Mujeres,743,2005
Candelaria, 15-19,Hombres,1344,2005
Candelaria, 15-19,Mujeres,1120,2005
Candelaria, 20-24,Hombres,1369,2005
Candelaria, 20-24,Mujeres,1264,2005
Candelaria, 25-29,Hombres,1188,2005
Candelaria, 25-29,Mujeres,1093,2005
Candelaria, 30-34,Hombres,923,2005
Candelaria, 30-34,Mujeres,853,2005
Candelaria, 35-39,Hombres,777,2005
Candelaria, 35-39,Mujeres,736,2005
Candelaria, 40-44,Hombres,833,2005
Candelaria, 40-44,Mujeres,806,2005
Candelaria, 45-49,Hombres,784,2005
Candelaria, 45-49,Mujeres,778,2005
Candelaria, 50-54,Hombres,693,2005
Candelaria, 50-54,Mujeres,698,2005
Candelaria, 55-59,Hombres,606,2005
Candelaria, 55-59,Mujeres,610,2005
Candelaria, 60-64,Hombres,498,2005
Candelaria, 60-64,Mujeres,502,2005
Candelaria, 65-69,Hombres,297,2005
Candelaria, 65-69,Mujeres,328,2005
Candelaria, 70-74,Hombres,203,2005
Candelaria, 70-74,Mujeres,232,2005
Candelaria, 75-79,Hombres,156,2005
Candelaria, 75-79,Mujeres,191,2005
Candelaria, 80 y más,Hombres,169,2005
Candelaria, 80 y más,Mujeres,239,2005
Candelaria, 0-4,Hombres,677,2015
Candelaria, 0-4,Mujeres,531,2015
Candelaria, 5-9  ,Hombres,728,2015
Candelaria, 5-9  ,Mujeres,569,2015
Candelaria, 10-14  ,Hombres,731,2015
Candelaria, 10-14  ,Mujeres,574,2015
Candelaria, 15-19,Hombres,1219,2015
Candelaria, 15-19,Mujeres,971,2015
Candelaria, 20-24,Hombres,1286,2015
Candelaria, 20-24,Mujeres,1029,2015
Candelaria, 25-29,Hombres,1108,2015
Candelaria, 25-29,Mujeres,896,2015
Candelaria, 30-34,Hombres,970,2015
Candelaria, 30-34,Mujeres,863,2015
Candelaria, 35-39,Hombres,795,2015
Candelaria, 35-39,Mujeres,706,2015
Candelaria, 40-44,Hombres,786,2015
Candelaria, 40-44,Mujeres,701,2015
Candelaria, 45-49,Hombres,852,2015
Candelaria, 45-49,Mujeres,780,2015
Candelaria, 50-54,Hombres,909,2015
Candelaria, 50-54,Mujeres,852,2015
Candelaria, 55-59,Hombres,846,2015
Candelaria, 55-59,Mujeres,819,2015
Candelaria, 60-64,Hombres,716,2015
Candelaria, 60-64,Mujeres,709,2015
Candelaria, 65-69,Hombres,454,2015
Candelaria, 65-69,Mujeres,456,2015
Candelaria, 70-74,Hombres,290,2015
Candelaria, 70-74,Mujeres,303,2015
Candelaria, 75-79,Hombres,198,2015
Candelaria, 75-79,Mujeres,232,2015
Candelaria, 80 y más,Hombres,234,2015
Candelaria, 80 y más,Mujeres,306,2015
Candelaria, 0-4,Hombres,526,2019
Candelaria, 0-4,Mujeres,490,2019
Candelaria, 5-9  ,Hombres,616,2019
Candelaria, 5-9  ,Mujeres,552,2019
Candelaria, 10-14  ,Hombres,722,2019
Candelaria, 10-14  ,Mujeres,607,2019
Candelaria, 15-19,Hombres,864,2019
Candelaria, 15-19,Mujeres,645,2019
Candelaria, 20-24,Hombres,949,2019
Candelaria, 20-24,Mujeres,720,2019
Candelaria, 25-29,Hombres,913,2019
Candelaria, 25-29,Mujeres,688,2019
Candelaria, 30-34,Hombres,1106,2019
Candelaria, 30-34,Mujeres,858,2019
Candelaria, 35-39,Hombres,978,2019
Candelaria, 35-39,Mujeres,827,2019
Candelaria, 40-44,Hombres,871,2019
Candelaria, 40-44,Mujeres,726,2019
Candelaria, 45-49,Hombres,763,2019
Candelaria, 45-49,Mujeres,643,2019
Candelaria, 50-54,Hombres,745,2019
Candelaria, 50-54,Mujeres,645,2019
Candelaria, 55-59,Hombres,793,2019
Candelaria, 55-59,Mujeres,706,2019
Candelaria, 60-64,Hombres,667,2019
Candelaria, 60-64,Mujeres,615,2019
Candelaria, 65-69,Hombres,517,2019
Candelaria, 65-69,Mujeres,494,2019
Candelaria, 70-74,Hombres,400,2019
Candelaria, 70-74,Mujeres,398,2019
Candelaria, 75-79,Hombres,266,2019
Candelaria, 75-79,Mujeres,284,2019
Candelaria, 80 y más,Hombres,195,2019
Candelaria, 80 y más,Mujeres,252,2019
Rafael Uribe Uribe, 0-4,Hombres,17766,2005
Rafael Uribe Uribe, 0-4,Mujeres,16732,2005
Rafael Uribe Uribe, 5-9  ,Hombres,18694,2005
Rafael Uribe Uribe, 5-9  ,Mujeres,17674,2005
Rafael Uribe Uribe, 10-14  ,Hombres,19369,2005
Rafael Uribe Uribe, 10-14  ,Mujeres,18303,2005
Rafael Uribe Uribe, 15-19,Hombres,18063,2005
Rafael Uribe Uribe, 15-19,Mujeres,17330,2005
Rafael Uribe Uribe, 20-24,Hombres,17300,2005
Rafael Uribe Uribe, 20-24,Mujeres,18474,2005
Rafael Uribe Uribe, 25-29,Hombres,15607,2005
Rafael Uribe Uribe, 25-29,Mujeres,16633,2005
Rafael Uribe Uribe, 30-34,Hombres,13509,2005
Rafael Uribe Uribe, 30-34,Mujeres,14473,2005
Rafael Uribe Uribe, 35-39,Hombres,13160,2005
Rafael Uribe Uribe, 35-39,Mujeres,14469,2005
Rafael Uribe Uribe, 40-44,Hombres,12815,2005
Rafael Uribe Uribe, 40-44,Mujeres,14447,2005
Rafael Uribe Uribe, 45-49,Hombres,10286,2005
Rafael Uribe Uribe, 45-49,Mujeres,11923,2005
Rafael Uribe Uribe, 50-54,Hombres,7858,2005
Rafael Uribe Uribe, 50-54,Mujeres,9208,2005
Rafael Uribe Uribe, 55-59,Hombres,6049,2005
Rafael Uribe Uribe, 55-59,Mujeres,7101,2005
Rafael Uribe Uribe, 60-64,Hombres,4363,2005
Rafael Uribe Uribe, 60-64,Mujeres,5157,2005
Rafael Uribe Uribe, 65-69,Hombres,3093,2005
Rafael Uribe Uribe, 65-69,Mujeres,3990,2005
Rafael Uribe Uribe, 70-74,Hombres,2153,2005
Rafael Uribe Uribe, 70-74,Mujeres,2893,2005
Rafael Uribe Uribe, 75-79,Hombres,1652,2005
Rafael Uribe Uribe, 75-79,Mujeres,2364,2005
Rafael Uribe Uribe, 80 y más,Hombres,1407,2005
Rafael Uribe Uribe, 80 y más,Mujeres,2396,2005
Rafael Uribe Uribe, 0-4,Hombres,|,2015
Rafael Uribe Uribe, 0-4,Mujeres,14429,2015
Rafael Uribe Uribe, 5-9  ,Hombres,15606,2015
Rafael Uribe Uribe, 5-9  ,Mujeres,14406,2015
Rafael Uribe Uribe, 10-14  ,Hombres,15990,2015
Rafael Uribe Uribe, 10-14  ,Mujeres,14777,2015
Rafael Uribe Uribe, 15-19,Hombres,16682,2015
Rafael Uribe Uribe, 15-19,Mujeres,15718,2015
Rafael Uribe Uribe, 20-24,Hombres,16637,2015
Rafael Uribe Uribe, 20-24,Mujeres,15738,2015
Rafael Uribe Uribe, 25-29,Hombres,14894,2015
Rafael Uribe Uribe, 25-29,Mujeres,14298,2015
Rafael Uribe Uribe, 30-34,Hombres,14426,2015
Rafael Uribe Uribe, 30-34,Mujeres,15298,2015
Rafael Uribe Uribe, 35-39,Hombres,13712,2015
Rafael Uribe Uribe, 35-39,Mujeres,14519,2015
Rafael Uribe Uribe, 40-44,Hombres,12348,2015
Rafael Uribe Uribe, 40-44,Mujeres,13156,2015
Rafael Uribe Uribe, 45-49,Hombres,11411,2015
Rafael Uribe Uribe, 45-49,Mujeres,12483,2015
Rafael Uribe Uribe, 50-54,Hombres,10493,2015
Rafael Uribe Uribe, 50-54,Mujeres,11806,2015
Rafael Uribe Uribe, 55-59,Hombres,8581,2015
Rafael Uribe Uribe, 55-59,Mujeres,9979,2015
Rafael Uribe Uribe, 60-64,Hombres,6374,2015
Rafael Uribe Uribe, 60-64,Mujeres,7595,2015
Rafael Uribe Uribe, 65-69,Hombres,4802,2015
Rafael Uribe Uribe, 65-69,Mujeres,5845,2015
Rafael Uribe Uribe, 70-74,Hombres,3150,2015
Rafael Uribe Uribe, 70-74,Mujeres,3981,2015
Rafael Uribe Uribe, 75-79,Hombres,2103,2015
Rafael Uribe Uribe, 75-79,Mujeres,3023,2015
Rafael Uribe Uribe, 80 y más,Hombres,1967,2015
Rafael Uribe Uribe, 80 y más,Mujeres,3219,2015
Rafael Uribe Uribe, 0-4,Hombres,13752,2019
Rafael Uribe Uribe, 0-4,Mujeres,13004,2019
Rafael Uribe Uribe, 5-9  ,Hombres,13734,2019
Rafael Uribe Uribe, 5-9  ,Mujeres,12954,2019
Rafael Uribe Uribe, 10-14  ,Hombres,13634,2019
Rafael Uribe Uribe, 10-14  ,Mujeres,12867,2019
Rafael Uribe Uribe, 15-19,Hombres,13696,2019
Rafael Uribe Uribe, 15-19,Mujeres,12991,2019
Rafael Uribe Uribe, 20-24,Hombres,14290,2019
Rafael Uribe Uribe, 20-24,Mujeres,13712,2019
Rafael Uribe Uribe, 25-29,Hombres,14361,2019
Rafael Uribe Uribe, 25-29,Mujeres,13799,2019
Rafael Uribe Uribe, 30-34,Hombres,13252,2019
Rafael Uribe Uribe, 30-34,Mujeres,13137,2019
Rafael Uribe Uribe, 35-39,Hombres,12661,2019
Rafael Uribe Uribe, 35-39,Mujeres,13767,2019
Rafael Uribe Uribe, 40-44,Hombres,11315,2019
Rafael Uribe Uribe, 40-44,Mujeres,12175,2019
Rafael Uribe Uribe, 45-49,Hombres,9865,2019
Rafael Uribe Uribe, 45-49,Mujeres,10748,2019
Rafael Uribe Uribe, 50-54,Hombres,9588,2019
Rafael Uribe Uribe, 50-54,Mujeres,10782,2019
Rafael Uribe Uribe, 55-59,Hombres,8977,2019
Rafael Uribe Uribe, 55-59,Mujeres,10437,2019
Rafael Uribe Uribe, 60-64,Hombres,6951,2019
Rafael Uribe Uribe, 60-64,Mujeres,8419,2019
Rafael Uribe Uribe, 65-69,Hombres,5148,2019
Rafael Uribe Uribe, 65-69,Mujeres,6439,2019
Rafael Uribe Uribe, 70-74,Hombres,3602,2019
Rafael Uribe Uribe, 70-74,Mujeres,4692,2019
Rafael Uribe Uribe, 75-79,Hombres,2165,2019
Rafael Uribe Uribe, 75-79,Mujeres,3051,2019
Rafael Uribe Uribe, 80 y más,Hombres,1867,2019
Rafael Uribe Uribe, 80 y más,Mujeres,3158,2019
Ciudad Bolivar, 0-4,Hombres,32327,2005
Ciudad Bolivar, 0-4,Mujeres,30362,2005
Ciudad Bolivar, 5-9  ,Hombres,33251,2005
Ciudad Bolivar, 5-9  ,Mujeres,31358,2005
Ciudad Bolivar, 10-14  ,Hombres,33258,2005
Ciudad Bolivar, 10-14  ,Mujeres,31351,2005
Ciudad Bolivar, 15-19,Hombres,28858,2005
Ciudad Bolivar, 15-19,Mujeres,27616,2005
Ciudad Bolivar, 20-24,Hombres,26025,2005
Ciudad Bolivar, 20-24,Mujeres,27713,2005
Ciudad Bolivar, 25-29,Hombres,23230,2005
Ciudad Bolivar, 25-29,Mujeres,24690,2005
Ciudad Bolivar, 30-34,Hombres,20744,2005
Ciudad Bolivar, 30-34,Mujeres,22168,2005
Ciudad Bolivar, 35-39,Hombres,19413,2005
Ciudad Bolivar, 35-39,Mujeres,21285,2005
Ciudad Bolivar, 40-44,Hombres,17103,2005
Ciudad Bolivar, 40-44,Mujeres,19230,2005
Ciudad Bolivar, 45-49,Hombres,13695,2005
Ciudad Bolivar, 45-49,Mujeres,15827,2005
Ciudad Bolivar, 50-54,Hombres,10315,2005
Ciudad Bolivar, 50-54,Mujeres,12054,2005
Ciudad Bolivar, 55-59,Hombres,7423,2005
Ciudad Bolivar, 55-59,Mujeres,8689,2005
Ciudad Bolivar, 60-64,Hombres,5134,2005
Ciudad Bolivar, 60-64,Mujeres,6054,2005
Ciudad Bolivar, 65-69,Hombres,3332,2005
Ciudad Bolivar, 65-69,Mujeres,4289,2005
Ciudad Bolivar, 70-74,Hombres,2206,2005
Ciudad Bolivar, 70-74,Mujeres,2953,2005
Ciudad Bolivar, 75-79,Hombres,1381,2005
Ciudad Bolivar, 75-79,Mujeres,1971,2005
Ciudad Bolivar, 80 y más,Hombres,948,2005
Ciudad Bolivar, 80 y más,Mujeres,1608,2005
Ciudad Bolivar, 0-4,Hombres,34949,2015
Ciudad Bolivar, 0-4,Mujeres,33123,2015
Ciudad Bolivar, 5-9  ,Hombres,34064,2015
Ciudad Bolivar, 5-9  ,Mujeres,32359,2015
Ciudad Bolivar, 10-14  ,Hombres,33698,2015
Ciudad Bolivar, 10-14  ,Mujeres,32042,2015
Ciudad Bolivar, 15-19,Hombres,32695,2015
Ciudad Bolivar, 15-19,Mujeres,31709,2015
Ciudad Bolivar, 20-24,Hombres,30689,2015
Ciudad Bolivar, 20-24,Mujeres,29884,2015
Ciudad Bolivar, 25-29,Hombres,27183,2015
Ciudad Bolivar, 25-29,Mujeres,26863,2015
Ciudad Bolivar, 30-34,Hombres,27126,2015
Ciudad Bolivar, 30-34,Mujeres,29659,2015
Ciudad Bolivar, 35-39,Hombres,24761,2015
Ciudad Bolivar, 35-39,Mujeres,27035,2015
Ciudad Bolivar, 40-44,Hombres,20172,2015
Ciudad Bolivar, 40-44,Mujeres,22163,2015
Ciudad Bolivar, 45-49,Hombres,18583,2015
Ciudad Bolivar, 45-49,Mujeres,20975,2015
Ciudad Bolivar, 50-54,Hombres,16844,2015
Ciudad Bolivar, 50-54,Mujeres,19560,2015
Ciudad Bolivar, 55-59,Hombres,12868,2015
Ciudad Bolivar, 55-59,Mujeres,15457,2015
Ciudad Bolivar, 60-64,Hombres,9162,2015
Ciudad Bolivar, 60-64,Mujeres,11279,2015
Ciudad Bolivar, 65-69,Hombres,6320,2015
Ciudad Bolivar, 65-69,Mujeres,7950,2015
Ciudad Bolivar, 70-74,Hombres,3935,2015
Ciudad Bolivar, 70-74,Mujeres,5144,2015
Ciudad Bolivar, 75-79,Hombres,2140,2015
Ciudad Bolivar, 75-79,Mujeres,3188,2015
Ciudad Bolivar, 80 y más,Hombres,1607,2015
Ciudad Bolivar, 80 y más,Mujeres,2737,2015
Ciudad Bolivar, 0-4,Hombres,38017,2019
Ciudad Bolivar, 0-4,Mujeres,36146,2019
Ciudad Bolivar, 5-9  ,Hombres,36034,2019
Ciudad Bolivar, 5-9  ,Mujeres,34535,2019
Ciudad Bolivar, 10-14  ,Hombres,33944,2019
Ciudad Bolivar, 10-14  ,Mujeres,32880,2019
Ciudad Bolivar, 15-19,Hombres,33251,2019
Ciudad Bolivar, 15-19,Mujeres,32426,2019
Ciudad Bolivar, 20-24,Hombres,33946,2019
Ciudad Bolivar, 20-24,Mujeres,33525,2019
Ciudad Bolivar, 25-29,Hombres,33365,2019
Ciudad Bolivar, 25-29,Mujeres,33015,2019
Ciudad Bolivar, 30-34,Hombres,29027,2019
Ciudad Bolivar, 30-34,Mujeres,29617,2019
Ciudad Bolivar, 35-39,Hombres,26353,2019
Ciudad Bolivar, 35-39,Mujeres,29522,2019
Ciudad Bolivar, 40-44,Hombres,23275,2019
Ciudad Bolivar, 40-44,Mujeres,25800,2019
Ciudad Bolivar, 45-49,Hombres,20520,2019
Ciudad Bolivar, 45-49,Mujeres,23042,2019
Ciudad Bolivar, 50-54,Hombres,18732,2019
Ciudad Bolivar, 50-54,Mujeres,21708,2019
Ciudad Bolivar, 55-59,Hombres,15566,2019
Ciudad Bolivar, 55-59,Mujeres,18667,2019
Ciudad Bolivar, 60-64,Hombres,11549,2019
Ciudad Bolivar, 60-64,Mujeres,14430,2019
Ciudad Bolivar, 65-69,Hombres,7944,2019
Ciudad Bolivar, 65-69,Mujeres,10259,2019
Ciudad Bolivar, 70-74,Hombres,5114,2019
Ciudad Bolivar, 70-74,Mujeres,6879,2019
Ciudad Bolivar, 75-79,Hombres,2943,2019
Ciudad Bolivar, 75-79,Mujeres,4278,2019
Ciudad Bolivar, 80 y más,Hombres,2152,2019
Ciudad Bolivar, 80 y más,Mujeres,3723,2019
Sumapaz, 0-4,Hombres,332,2005
Sumapaz, 0-4,Mujeres,267,2005
Sumapaz, 5-9  ,Hombres,367,2005
Sumapaz, 5-9  ,Mujeres,300,2005
Sumapaz, 10-14  ,Hombres,427,2005
Sumapaz, 10-14  ,Mujeres,348,2005
Sumapaz, 15-19,Hombres,310,2005
Sumapaz, 15-19,Mujeres,258,2005
Sumapaz, 20-24,Hombres,210,2005
Sumapaz, 20-24,Mujeres,194,2005
Sumapaz, 25-29,Hombres,205,2005
Sumapaz, 25-29,Mujeres,194,2005
Sumapaz, 30-34,Hombres,188,2005
Sumapaz, 30-34,Mujeres,174,2005
Sumapaz, 35-39,Hombres,243,2005
Sumapaz, 35-39,Mujeres,235,2005
Sumapaz, 40-44,Hombres,208,2005
Sumapaz, 40-44,Mujeres,209,2005
Sumapaz, 45-49,Hombres,179,2005
Sumapaz, 45-49,Mujeres,173,2005
Sumapaz, 50-54,Hombres,116,2005
Sumapaz, 50-54,Mujeres,119,2005
Sumapaz, 55-59,Hombres,89,2005
Sumapaz, 55-59,Mujeres,93,2005
Sumapaz, 60-64,Hombres,80,2005
Sumapaz, 60-64,Mujeres,81,2005
Sumapaz, 65-69,Hombres,67,2005
Sumapaz, 65-69,Mujeres,76,2005
Sumapaz, 70-74,Hombres,48,2005
Sumapaz, 70-74,Mujeres,55,2005
Sumapaz, 75-79,Hombres,28,2005
Sumapaz, 75-79,Mujeres,32,2005
Sumapaz, 80 y más,Hombres,16,2005
Sumapaz, 80 y más,Mujeres,31,2005
Sumapaz, 0-4,Hombres,310,2015
Sumapaz, 0-4,Mujeres,258,2015
Sumapaz, 5-9  ,Hombres,327,2015
Sumapaz, 5-9  ,Mujeres,273,2015
Sumapaz, 10-14  ,Hombres,374,2015
Sumapaz, 10-14  ,Mujeres,315,2015
Sumapaz, 15-19,Hombres,309,2015
Sumapaz, 15-19,Mujeres,264,2015
Sumapaz, 20-24,Hombres,218,2015
Sumapaz, 20-24,Mujeres,186,2015
Sumapaz, 25-29,Hombres,211,2015
Sumapaz, 25-29,Mujeres,184,2015
Sumapaz, 30-34,Hombres,215,2015
Sumapaz, 30-34,Mujeres,206,2015
Sumapaz, 35-39,Hombres,274,2015
Sumapaz, 35-39,Mujeres,263,2015
Sumapaz, 40-44,Hombres,219,2015
Sumapaz, 40-44,Mujeres,211,2015
Sumapaz, 45-49,Hombres,209,2015
Sumapaz, 45-49,Mujeres,205,2015
Sumapaz, 50-54,Hombres,168,2015
Sumapaz, 50-54,Mujeres,168,2015
Sumapaz, 55-59,Hombres,136,2015
Sumapaz, 55-59,Mujeres,144,2015
Sumapaz, 60-64,Hombres,125,2015
Sumapaz, 60-64,Mujeres,134,2015
Sumapaz, 65-69,Hombres,111,2015
Sumapaz, 65-69,Mujeres,123,2015
Sumapaz, 70-74,Hombres,74,2015
Sumapaz, 70-74,Mujeres,83,2015
Sumapaz, 75-79,Hombres,38,2015
Sumapaz, 75-79,Mujeres,50,2015
Sumapaz, 80 y más,Hombres,31,2015
Sumapaz, 80 y más,Mujeres,44,2015
Sumapaz, 0-4,Hombres,375,2019
Sumapaz, 0-4,Mujeres,358,2019
Sumapaz, 5-9  ,Hombres,362,2019
Sumapaz, 5-9  ,Mujeres,345,2019
Sumapaz, 10-14  ,Hombres,335,2019
Sumapaz, 10-14  ,Mujeres,307,2019
Sumapaz, 15-19,Hombres,325,2019
Sumapaz, 15-19,Mujeres,267,2019
Sumapaz, 20-24,Hombres,329,2019
Sumapaz, 20-24,Mujeres,279,2019
Sumapaz, 25-29,Hombres,363,2019
Sumapaz, 25-29,Mujeres,311,2019
Sumapaz, 30-34,Hombres,283,2019
Sumapaz, 30-34,Mujeres,252,2019
Sumapaz, 35-39,Hombres,230,2019
Sumapaz, 35-39,Mujeres,225,2019
Sumapaz, 40-44,Hombres,234,2019
Sumapaz, 40-44,Mujeres,229,2019
Sumapaz, 45-49,Hombres,210,2019
Sumapaz, 45-49,Mujeres,200,2019
Sumapaz, 50-54,Hombres,241,2019
Sumapaz, 50-54,Mujeres,241,2019
Sumapaz, 55-59,Hombres,197,2019
Sumapaz, 55-59,Mujeres,205,2019
Sumapaz, 60-64,Hombres,166,2019
Sumapaz, 60-64,Mujeres,177,2019
Sumapaz, 65-69,Hombres,103,2019
Sumapaz, 65-69,Mujeres,123,2019
Sumapaz, 70-74,Hombres,76,2019
Sumapaz, 70-74,Mujeres,95,2019
Sumapaz, 75-79,Hombres,57,2019
Sumapaz, 75-79,Mujeres,75,2019
Sumapaz, 80 y más,Hombres,53,2019
Sumapaz, 80 y más,Mujeres,83,2019
